Total Nacional;Comunidades y Ciudades Autónomas;Tipo de indicador;periodo;Total
Total Nacional;;Volumen de agua disponible no potabilizada;2022;4.104.787
Total Nacional;;Volumen de agua disponible no potabilizada;2020;3.832.419
Total Nacional;;Volumen de agua disponible no potabilizada;2018;3.875.742
Total Nacional;;Volumen de agua disponible no potabilizada;2016;4.278.776
Total Nacional;;Volumen de agua disponible no potabilizada;2014;4.313.077
Total Nacional;;Volumen de agua disponible no potabilizada;2013;4.555.458
Total Nacional;;Volumen de agua disponible no potabilizada;2012;4.161.930
Total Nacional;;Volumen de agua disponible no potabilizada;2011;4.038.357
Total Nacional;;Volumen de agua disponible no potabilizada;2010;4.237.729
Total Nacional;;Volumen de agua disponible no potabilizada;2009;4.303.986
Total Nacional;;Volumen de agua disponible no potabilizada;2008;4.506.090
Total Nacional;;Volumen de agua disponible no potabilizada;2007;4.525.650
Total Nacional;;Volumen de agua disponible no potabilizada;2006;4.460.367
Total Nacional;;Volumen de agua disponible no potabilizada;2005;4.825.812
Total Nacional;;Volumen de agua disponible no potabilizada;2004;4.954.336
Total Nacional;;Volumen de agua disponible no potabilizada;2003;4.936.621
Total Nacional;;Volumen de agua disponible no potabilizada;2002;4.785.150
Total Nacional;;Volumen de agua disponible no potabilizada;2001;4.781.117
Total Nacional;;Volumen de agua disponible no potabilizada;2000;4.525.668
Total Nacional;;Volumen de agua disponible para su potabilización;2022;4.670.479
Total Nacional;;Volumen de agua disponible para su potabilización;2020;4.599.732
Total Nacional;;Volumen de agua disponible para su potabilización;2018;4.769.709
Total Nacional;;Volumen de agua disponible para su potabilización;2016;5.201.705
Total Nacional;;Volumen de agua disponible para su potabilización;2014;4.870.238
Total Nacional;;Volumen de agua disponible para su potabilización;2013;4.941.764
Total Nacional;;Volumen de agua disponible para su potabilización;2012;4.902.209
Total Nacional;;Volumen de agua disponible para su potabilización;2011;4.941.747
Total Nacional;;Volumen de agua disponible para su potabilización;2010;4.950.457
Total Nacional;;Volumen de agua disponible para su potabilización;2009;5.057.884
Total Nacional;;Volumen de agua disponible para su potabilización;2008;5.315.843
Total Nacional;;Volumen de agua disponible para su potabilización;2007;5.506.355
Total Nacional;;Volumen de agua disponible para su potabilización;2006;5.701.638
Total Nacional;;Volumen de agua disponible para su potabilización;2005;5.990.243
Total Nacional;;Volumen de agua disponible para su potabilización;2004;6.086.565
Total Nacional;;Volumen de agua disponible para su potabilización;2003;6.037.788
Total Nacional;;Volumen de agua disponible para su potabilización;2002;5.645.608
Total Nacional;;Volumen de agua disponible para su potabilización;2001;5.584.860
Total Nacional;;Volumen de agua disponible para su potabilización;2000;5.212.091
Total Nacional;01 Andalucía;Volumen de agua disponible no potabilizada;2022;713.082
Total Nacional;01 Andalucía;Volumen de agua disponible no potabilizada;2020;780.687
Total Nacional;01 Andalucía;Volumen de agua disponible no potabilizada;2018;745.853
Total Nacional;01 Andalucía;Volumen de agua disponible no potabilizada;2016;799.191
Total Nacional;01 Andalucía;Volumen de agua disponible no potabilizada;2014;797.849
Total Nacional;01 Andalucía;Volumen de agua disponible no potabilizada;2013;820.167
Total Nacional;01 Andalucía;Volumen de agua disponible no potabilizada;2012;800.645
Total Nacional;01 Andalucía;Volumen de agua disponible no potabilizada;2011;790.635
Total Nacional;01 Andalucía;Volumen de agua disponible no potabilizada;2010;802.061
Total Nacional;01 Andalucía;Volumen de agua disponible no potabilizada;2009;826.226
Total Nacional;01 Andalucía;Volumen de agua disponible no potabilizada;2008;745.189
Total Nacional;01 Andalucía;Volumen de agua disponible no potabilizada;2007;827.590
Total Nacional;01 Andalucía;Volumen de agua disponible no potabilizada;2006;871.359
Total Nacional;01 Andalucía;Volumen de agua disponible no potabilizada;2005;1.099.057
Total Nacional;01 Andalucía;Volumen de agua disponible no potabilizada;2004;1.108.539
Total Nacional;01 Andalucía;Volumen de agua disponible no potabilizada;2003;931.700
Total Nacional;01 Andalucía;Volumen de agua disponible no potabilizada;2002;968.698
Total Nacional;01 Andalucía;Volumen de agua disponible no potabilizada;2001;923.057
Total Nacional;01 Andalucía;Volumen de agua disponible no potabilizada;2000;824.743
Total Nacional;01 Andalucía;Volumen de agua disponible para su potabilización;2022;868.494
Total Nacional;01 Andalucía;Volumen de agua disponible para su potabilización;2020;855.882
Total Nacional;01 Andalucía;Volumen de agua disponible para su potabilización;2018;900.751
Total Nacional;01 Andalucía;Volumen de agua disponible para su potabilización;2016;903.465
Total Nacional;01 Andalucía;Volumen de agua disponible para su potabilización;2014;862.801
Total Nacional;01 Andalucía;Volumen de agua disponible para su potabilización;2013;821.283
Total Nacional;01 Andalucía;Volumen de agua disponible para su potabilización;2012;864.593
Total Nacional;01 Andalucía;Volumen de agua disponible para su potabilización;2011;887.870
Total Nacional;01 Andalucía;Volumen de agua disponible para su potabilización;2010;897.001
Total Nacional;01 Andalucía;Volumen de agua disponible para su potabilización;2009;934.342
Total Nacional;01 Andalucía;Volumen de agua disponible para su potabilización;2008;925.909
Total Nacional;01 Andalucía;Volumen de agua disponible para su potabilización;2007;950.833
Total Nacional;01 Andalucía;Volumen de agua disponible para su potabilización;2006;1.133.420
Total Nacional;01 Andalucía;Volumen de agua disponible para su potabilización;2005;1.275.686
Total Nacional;01 Andalucía;Volumen de agua disponible para su potabilización;2004;1.298.743
Total Nacional;01 Andalucía;Volumen de agua disponible para su potabilización;2003;1.208.516
Total Nacional;01 Andalucía;Volumen de agua disponible para su potabilización;2002;1.051.048
Total Nacional;01 Andalucía;Volumen de agua disponible para su potabilización;2001;1.047.048
Total Nacional;01 Andalucía;Volumen de agua disponible para su potabilización;2000;918.192
Total Nacional;02 Aragón;Volumen de agua disponible no potabilizada;2022;226.073
Total Nacional;02 Aragón;Volumen de agua disponible no potabilizada;2020;149.055
Total Nacional;02 Aragón;Volumen de agua disponible no potabilizada;2018;144.671
Total Nacional;02 Aragón;Volumen de agua disponible no potabilizada;2016;178.151
Total Nacional;02 Aragón;Volumen de agua disponible no potabilizada;2014;320.506
Total Nacional;02 Aragón;Volumen de agua disponible no potabilizada;2013;263.561
Total Nacional;02 Aragón;Volumen de agua disponible no potabilizada;2012;317.349
Total Nacional;02 Aragón;Volumen de agua disponible no potabilizada;2011;200.272
Total Nacional;02 Aragón;Volumen de agua disponible no potabilizada;2010;189.771
Total Nacional;02 Aragón;Volumen de agua disponible no potabilizada;2009;198.015
Total Nacional;02 Aragón;Volumen de agua disponible no potabilizada;2008;187.941
Total Nacional;02 Aragón;Volumen de agua disponible no potabilizada;2007;166.298
Total Nacional;02 Aragón;Volumen de agua disponible no potabilizada;2006;159.277
Total Nacional;02 Aragón;Volumen de agua disponible no potabilizada;2005;222.519
Total Nacional;02 Aragón;Volumen de agua disponible no potabilizada;2004;208.255
Total Nacional;02 Aragón;Volumen de agua disponible no potabilizada;2003;207.147
Total Nacional;02 Aragón;Volumen de agua disponible no potabilizada;2002;181.084
Total Nacional;02 Aragón;Volumen de agua disponible no potabilizada;2001;183.400
Total Nacional;02 Aragón;Volumen de agua disponible no potabilizada;2000;179.916
Total Nacional;02 Aragón;Volumen de agua disponible para su potabilización;2022;238.261
Total Nacional;02 Aragón;Volumen de agua disponible para su potabilización;2020;147.214
Total Nacional;02 Aragón;Volumen de agua disponible para su potabilización;2018;150.933
Total Nacional;02 Aragón;Volumen de agua disponible para su potabilización;2016;183.094
Total Nacional;02 Aragón;Volumen de agua disponible para su potabilización;2014;160.954
Total Nacional;02 Aragón;Volumen de agua disponible para su potabilización;2013;159.948
Total Nacional;02 Aragón;Volumen de agua disponible para su potabilización;2012;191.261
Total Nacional;02 Aragón;Volumen de agua disponible para su potabilización;2011;166.138
Total Nacional;02 Aragón;Volumen de agua disponible para su potabilización;2010;170.857
Total Nacional;02 Aragón;Volumen de agua disponible para su potabilización;2009;177.431
Total Nacional;02 Aragón;Volumen de agua disponible para su potabilización;2008;173.537
Total Nacional;02 Aragón;Volumen de agua disponible para su potabilización;2007;162.557
Total Nacional;02 Aragón;Volumen de agua disponible para su potabilización;2006;159.514
Total Nacional;02 Aragón;Volumen de agua disponible para su potabilización;2005;227.996
Total Nacional;02 Aragón;Volumen de agua disponible para su potabilización;2004;211.834
Total Nacional;02 Aragón;Volumen de agua disponible para su potabilización;2003;215.124
Total Nacional;02 Aragón;Volumen de agua disponible para su potabilización;2002;186.483
Total Nacional;02 Aragón;Volumen de agua disponible para su potabilización;2001;186.867
Total Nacional;02 Aragón;Volumen de agua disponible para su potabilización;2000;186.109
Total Nacional;03 Asturias, Principado de;Volumen de agua disponible no potabilizada;2022;113.926
Total Nacional;03 Asturias, Principado de;Volumen de agua disponible no potabilizada;2020;106.129
Total Nacional;03 Asturias, Principado de;Volumen de agua disponible no potabilizada;2018;85.341
Total Nacional;03 Asturias, Principado de;Volumen de agua disponible no potabilizada;2016;112.987
Total Nacional;03 Asturias, Principado de;Volumen de agua disponible no potabilizada;2014;184.790
Total Nacional;03 Asturias, Principado de;Volumen de agua disponible no potabilizada;2013;228.339
Total Nacional;03 Asturias, Principado de;Volumen de agua disponible no potabilizada;2012;176.036
Total Nacional;03 Asturias, Principado de;Volumen de agua disponible no potabilizada;2011;160.684
Total Nacional;03 Asturias, Principado de;Volumen de agua disponible no potabilizada;2010;161.986
Total Nacional;03 Asturias, Principado de;Volumen de agua disponible no potabilizada;2009;163.443
Total Nacional;03 Asturias, Principado de;Volumen de agua disponible no potabilizada;2008;165.394
Total Nacional;03 Asturias, Principado de;Volumen de agua disponible no potabilizada;2007;155.243
Total Nacional;03 Asturias, Principado de;Volumen de agua disponible no potabilizada;2006;99.872
Total Nacional;03 Asturias, Principado de;Volumen de agua disponible no potabilizada;2005;143.120
Total Nacional;03 Asturias, Principado de;Volumen de agua disponible no potabilizada;2004;130.073
Total Nacional;03 Asturias, Principado de;Volumen de agua disponible no potabilizada;2003;99.847
Total Nacional;03 Asturias, Principado de;Volumen de agua disponible no potabilizada;2002;99.306
Total Nacional;03 Asturias, Principado de;Volumen de agua disponible no potabilizada;2001;87.224
Total Nacional;03 Asturias, Principado de;Volumen de agua disponible no potabilizada;2000;79.780
Total Nacional;03 Asturias, Principado de;Volumen de agua disponible para su potabilización;2022;120.703
Total Nacional;03 Asturias, Principado de;Volumen de agua disponible para su potabilización;2020;138.978
Total Nacional;03 Asturias, Principado de;Volumen de agua disponible para su potabilización;2018;118.597
Total Nacional;03 Asturias, Principado de;Volumen de agua disponible para su potabilización;2016;153.038
Total Nacional;03 Asturias, Principado de;Volumen de agua disponible para su potabilización;2014;164.655
Total Nacional;03 Asturias, Principado de;Volumen de agua disponible para su potabilización;2013;136.348
Total Nacional;03 Asturias, Principado de;Volumen de agua disponible para su potabilización;2012;130.345
Total Nacional;03 Asturias, Principado de;Volumen de agua disponible para su potabilización;2011;132.287
Total Nacional;03 Asturias, Principado de;Volumen de agua disponible para su potabilización;2010;134.144
Total Nacional;03 Asturias, Principado de;Volumen de agua disponible para su potabilización;2009;140.692
Total Nacional;03 Asturias, Principado de;Volumen de agua disponible para su potabilización;2008;151.986
Total Nacional;03 Asturias, Principado de;Volumen de agua disponible para su potabilización;2007;149.312
Total Nacional;03 Asturias, Principado de;Volumen de agua disponible para su potabilización;2006;150.737
Total Nacional;03 Asturias, Principado de;Volumen de agua disponible para su potabilización;2005;192.691
Total Nacional;03 Asturias, Principado de;Volumen de agua disponible para su potabilización;2004;173.044
Total Nacional;03 Asturias, Principado de;Volumen de agua disponible para su potabilización;2003;142.637
Total Nacional;03 Asturias, Principado de;Volumen de agua disponible para su potabilización;2002;138.006
Total Nacional;03 Asturias, Principado de;Volumen de agua disponible para su potabilización;2001;124.334
Total Nacional;03 Asturias, Principado de;Volumen de agua disponible para su potabilización;2000;113.550
Total Nacional;04 Balears, Illes;Volumen de agua disponible no potabilizada;2022;88.873
Total Nacional;04 Balears, Illes;Volumen de agua disponible no potabilizada;2020;91.532
Total Nacional;04 Balears, Illes;Volumen de agua disponible no potabilizada;2018;103.868
Total Nacional;04 Balears, Illes;Volumen de agua disponible no potabilizada;2016;114.295
Total Nacional;04 Balears, Illes;Volumen de agua disponible no potabilizada;2014;107.859
Total Nacional;04 Balears, Illes;Volumen de agua disponible no potabilizada;2013;123.572
Total Nacional;04 Balears, Illes;Volumen de agua disponible no potabilizada;2012;89.094
Total Nacional;04 Balears, Illes;Volumen de agua disponible no potabilizada;2011;81.755
Total Nacional;04 Balears, Illes;Volumen de agua disponible no potabilizada;2010;89.912
Total Nacional;04 Balears, Illes;Volumen de agua disponible no potabilizada;2009;89.531
Total Nacional;04 Balears, Illes;Volumen de agua disponible no potabilizada;2008;93.780
Total Nacional;04 Balears, Illes;Volumen de agua disponible no potabilizada;2007;88.694
Total Nacional;04 Balears, Illes;Volumen de agua disponible no potabilizada;2006;85.330
Total Nacional;04 Balears, Illes;Volumen de agua disponible no potabilizada;2005;93.429
Total Nacional;04 Balears, Illes;Volumen de agua disponible no potabilizada;2004;98.869
Total Nacional;04 Balears, Illes;Volumen de agua disponible no potabilizada;2003;70.815
Total Nacional;04 Balears, Illes;Volumen de agua disponible no potabilizada;2002;70.792
Total Nacional;04 Balears, Illes;Volumen de agua disponible no potabilizada;2001;64.715
Total Nacional;04 Balears, Illes;Volumen de agua disponible no potabilizada;2000;78.758
Total Nacional;04 Balears, Illes;Volumen de agua disponible para su potabilización;2022;125.249
Total Nacional;04 Balears, Illes;Volumen de agua disponible para su potabilización;2020;114.713
Total Nacional;04 Balears, Illes;Volumen de agua disponible para su potabilización;2018;119.815
Total Nacional;04 Balears, Illes;Volumen de agua disponible para su potabilización;2016;154.546
Total Nacional;04 Balears, Illes;Volumen de agua disponible para su potabilización;2014;115.980
Total Nacional;04 Balears, Illes;Volumen de agua disponible para su potabilización;2013;127.773
Total Nacional;04 Balears, Illes;Volumen de agua disponible para su potabilización;2012;111.961
Total Nacional;04 Balears, Illes;Volumen de agua disponible para su potabilización;2011;105.112
Total Nacional;04 Balears, Illes;Volumen de agua disponible para su potabilización;2010;103.954
Total Nacional;04 Balears, Illes;Volumen de agua disponible para su potabilización;2009;112.982
Total Nacional;04 Balears, Illes;Volumen de agua disponible para su potabilización;2008;118.211
Total Nacional;04 Balears, Illes;Volumen de agua disponible para su potabilización;2007;121.637
Total Nacional;04 Balears, Illes;Volumen de agua disponible para su potabilización;2006;137.026
Total Nacional;04 Balears, Illes;Volumen de agua disponible para su potabilización;2005;149.271
Total Nacional;04 Balears, Illes;Volumen de agua disponible para su potabilización;2004;137.121
Total Nacional;04 Balears, Illes;Volumen de agua disponible para su potabilización;2003;108.546
Total Nacional;04 Balears, Illes;Volumen de agua disponible para su potabilización;2002;102.663
Total Nacional;04 Balears, Illes;Volumen de agua disponible para su potabilización;2001;83.874
Total Nacional;04 Balears, Illes;Volumen de agua disponible para su potabilización;2000;97.917
Total Nacional;05 Canarias;Volumen de agua disponible no potabilizada;2022;333.265
Total Nacional;05 Canarias;Volumen de agua disponible no potabilizada;2020;269.035
Total Nacional;05 Canarias;Volumen de agua disponible no potabilizada;2018;230.188
Total Nacional;05 Canarias;Volumen de agua disponible no potabilizada;2016;255.924
Total Nacional;05 Canarias;Volumen de agua disponible no potabilizada;2014;246.514
Total Nacional;05 Canarias;Volumen de agua disponible no potabilizada;2013;262.685
Total Nacional;05 Canarias;Volumen de agua disponible no potabilizada;2012;172.494
Total Nacional;05 Canarias;Volumen de agua disponible no potabilizada;2011;192.755
Total Nacional;05 Canarias;Volumen de agua disponible no potabilizada;2010;210.284
Total Nacional;05 Canarias;Volumen de agua disponible no potabilizada;2009;203.355
Total Nacional;05 Canarias;Volumen de agua disponible no potabilizada;2008;215.366
Total Nacional;05 Canarias;Volumen de agua disponible no potabilizada;2007;233.451
Total Nacional;05 Canarias;Volumen de agua disponible no potabilizada;2006;186.532
Total Nacional;05 Canarias;Volumen de agua disponible no potabilizada;2005;200.825
Total Nacional;05 Canarias;Volumen de agua disponible no potabilizada;2004;193.797
Total Nacional;05 Canarias;Volumen de agua disponible no potabilizada;2003;165.142
Total Nacional;05 Canarias;Volumen de agua disponible no potabilizada;2002;173.114
Total Nacional;05 Canarias;Volumen de agua disponible no potabilizada;2001;166.678
Total Nacional;05 Canarias;Volumen de agua disponible no potabilizada;2000;164.031
Total Nacional;05 Canarias;Volumen de agua disponible para su potabilización;2022;324.117
Total Nacional;05 Canarias;Volumen de agua disponible para su potabilización;2020;288.979
Total Nacional;05 Canarias;Volumen de agua disponible para su potabilización;2018;271.547
Total Nacional;05 Canarias;Volumen de agua disponible para su potabilización;2016;308.104
Total Nacional;05 Canarias;Volumen de agua disponible para su potabilización;2014;252.656
Total Nacional;05 Canarias;Volumen de agua disponible para su potabilización;2013;270.452
Total Nacional;05 Canarias;Volumen de agua disponible para su potabilización;2012;295.043
Total Nacional;05 Canarias;Volumen de agua disponible para su potabilización;2011;271.345
Total Nacional;05 Canarias;Volumen de agua disponible para su potabilización;2010;261.582
Total Nacional;05 Canarias;Volumen de agua disponible para su potabilización;2009;275.230
Total Nacional;05 Canarias;Volumen de agua disponible para su potabilización;2008;264.858
Total Nacional;05 Canarias;Volumen de agua disponible para su potabilización;2007;292.164
Total Nacional;05 Canarias;Volumen de agua disponible para su potabilización;2006;247.362
Total Nacional;05 Canarias;Volumen de agua disponible para su potabilización;2005;287.770
Total Nacional;05 Canarias;Volumen de agua disponible para su potabilización;2004;272.562
Total Nacional;05 Canarias;Volumen de agua disponible para su potabilización;2003;234.969
Total Nacional;05 Canarias;Volumen de agua disponible para su potabilización;2002;220.540
Total Nacional;05 Canarias;Volumen de agua disponible para su potabilización;2001;202.105
Total Nacional;05 Canarias;Volumen de agua disponible para su potabilización;2000;181.581
Total Nacional;06 Cantabria;Volumen de agua disponible no potabilizada;2022;60.790
Total Nacional;06 Cantabria;Volumen de agua disponible no potabilizada;2020;47.298
Total Nacional;06 Cantabria;Volumen de agua disponible no potabilizada;2018;48.024
Total Nacional;06 Cantabria;Volumen de agua disponible no potabilizada;2016;50.021
Total Nacional;06 Cantabria;Volumen de agua disponible no potabilizada;2014;42.743
Total Nacional;06 Cantabria;Volumen de agua disponible no potabilizada;2013;54.015
Total Nacional;06 Cantabria;Volumen de agua disponible no potabilizada;2012;54.100
Total Nacional;06 Cantabria;Volumen de agua disponible no potabilizada;2011;43.096
Total Nacional;06 Cantabria;Volumen de agua disponible no potabilizada;2010;45.382
Total Nacional;06 Cantabria;Volumen de agua disponible no potabilizada;2009;50.832
Total Nacional;06 Cantabria;Volumen de agua disponible no potabilizada;2008;36.495
Total Nacional;06 Cantabria;Volumen de agua disponible no potabilizada;2007;49.494
Total Nacional;06 Cantabria;Volumen de agua disponible no potabilizada;2006;31.981
Total Nacional;06 Cantabria;Volumen de agua disponible no potabilizada;2005;68.013
Total Nacional;06 Cantabria;Volumen de agua disponible no potabilizada;2004;65.452
Total Nacional;06 Cantabria;Volumen de agua disponible no potabilizada;2003;81.639
Total Nacional;06 Cantabria;Volumen de agua disponible no potabilizada;2002;78.749
Total Nacional;06 Cantabria;Volumen de agua disponible no potabilizada;2001;79.015
Total Nacional;06 Cantabria;Volumen de agua disponible no potabilizada;2000;77.943
Total Nacional;06 Cantabria;Volumen de agua disponible para su potabilización;2022;88.876
Total Nacional;06 Cantabria;Volumen de agua disponible para su potabilización;2020;74.654
Total Nacional;06 Cantabria;Volumen de agua disponible para su potabilización;2018;81.205
Total Nacional;06 Cantabria;Volumen de agua disponible para su potabilización;2016;84.785
Total Nacional;06 Cantabria;Volumen de agua disponible para su potabilización;2014;79.873
Total Nacional;06 Cantabria;Volumen de agua disponible para su potabilización;2013;74.094
Total Nacional;06 Cantabria;Volumen de agua disponible para su potabilización;2012;77.625
Total Nacional;06 Cantabria;Volumen de agua disponible para su potabilización;2011;80.852
Total Nacional;06 Cantabria;Volumen de agua disponible para su potabilización;2010;78.810
Total Nacional;06 Cantabria;Volumen de agua disponible para su potabilización;2009;86.564
Total Nacional;06 Cantabria;Volumen de agua disponible para su potabilización;2008;83.193
Total Nacional;06 Cantabria;Volumen de agua disponible para su potabilización;2007;79.711
Total Nacional;06 Cantabria;Volumen de agua disponible para su potabilización;2006;90.139
Total Nacional;06 Cantabria;Volumen de agua disponible para su potabilización;2005;89.886
Total Nacional;06 Cantabria;Volumen de agua disponible para su potabilización;2004;84.216
Total Nacional;06 Cantabria;Volumen de agua disponible para su potabilización;2003;81.379
Total Nacional;06 Cantabria;Volumen de agua disponible para su potabilización;2002;82.220
Total Nacional;06 Cantabria;Volumen de agua disponible para su potabilización;2001;84.673
Total Nacional;06 Cantabria;Volumen de agua disponible para su potabilización;2000;84.472
Total Nacional;07 Castilla y León;Volumen de agua disponible no potabilizada;2022;275.152
Total Nacional;07 Castilla y León;Volumen de agua disponible no potabilizada;2020;253.732
Total Nacional;07 Castilla y León;Volumen de agua disponible no potabilizada;2018;263.907
Total Nacional;07 Castilla y León;Volumen de agua disponible no potabilizada;2016;331.012
Total Nacional;07 Castilla y León;Volumen de agua disponible no potabilizada;2014;371.375
Total Nacional;07 Castilla y León;Volumen de agua disponible no potabilizada;2013;421.134
Total Nacional;07 Castilla y León;Volumen de agua disponible no potabilizada;2012;371.489
Total Nacional;07 Castilla y León;Volumen de agua disponible no potabilizada;2011;344.626
Total Nacional;07 Castilla y León;Volumen de agua disponible no potabilizada;2010;328.249
Total Nacional;07 Castilla y León;Volumen de agua disponible no potabilizada;2009;317.164
Total Nacional;07 Castilla y León;Volumen de agua disponible no potabilizada;2008;293.689
Total Nacional;07 Castilla y León;Volumen de agua disponible no potabilizada;2007;283.169
Total Nacional;07 Castilla y León;Volumen de agua disponible no potabilizada;2006;309.959
Total Nacional;07 Castilla y León;Volumen de agua disponible no potabilizada;2005;353.255
Total Nacional;07 Castilla y León;Volumen de agua disponible no potabilizada;2004;359.416
Total Nacional;07 Castilla y León;Volumen de agua disponible no potabilizada;2003;380.924
Total Nacional;07 Castilla y León;Volumen de agua disponible no potabilizada;2002;344.686
Total Nacional;07 Castilla y León;Volumen de agua disponible no potabilizada;2001;334.101
Total Nacional;07 Castilla y León;Volumen de agua disponible no potabilizada;2000;361.502
Total Nacional;07 Castilla y León;Volumen de agua disponible para su potabilización;2022;268.457
Total Nacional;07 Castilla y León;Volumen de agua disponible para su potabilización;2020;264.742
Total Nacional;07 Castilla y León;Volumen de agua disponible para su potabilización;2018;286.756
Total Nacional;07 Castilla y León;Volumen de agua disponible para su potabilización;2016;306.729
Total Nacional;07 Castilla y León;Volumen de agua disponible para su potabilización;2014;379.036
Total Nacional;07 Castilla y León;Volumen de agua disponible para su potabilización;2013;427.940
Total Nacional;07 Castilla y León;Volumen de agua disponible para su potabilización;2012;348.115
Total Nacional;07 Castilla y León;Volumen de agua disponible para su potabilización;2011;347.668
Total Nacional;07 Castilla y León;Volumen de agua disponible para su potabilización;2010;322.295
Total Nacional;07 Castilla y León;Volumen de agua disponible para su potabilización;2009;293.222
Total Nacional;07 Castilla y León;Volumen de agua disponible para su potabilización;2008;307.939
Total Nacional;07 Castilla y León;Volumen de agua disponible para su potabilización;2007;320.952
Total Nacional;07 Castilla y León;Volumen de agua disponible para su potabilización;2006;377.058
Total Nacional;07 Castilla y León;Volumen de agua disponible para su potabilización;2005;371.929
Total Nacional;07 Castilla y León;Volumen de agua disponible para su potabilización;2004;389.109
Total Nacional;07 Castilla y León;Volumen de agua disponible para su potabilización;2003;401.920
Total Nacional;07 Castilla y León;Volumen de agua disponible para su potabilización;2002;358.541
Total Nacional;07 Castilla y León;Volumen de agua disponible para su potabilización;2001;345.357
Total Nacional;07 Castilla y León;Volumen de agua disponible para su potabilización;2000;372.978
Total Nacional;08 Castilla - La Mancha;Volumen de agua disponible no potabilizada;2022;253.932
Total Nacional;08 Castilla - La Mancha;Volumen de agua disponible no potabilizada;2020;158.056
Total Nacional;08 Castilla - La Mancha;Volumen de agua disponible no potabilizada;2018;169.498
Total Nacional;08 Castilla - La Mancha;Volumen de agua disponible no potabilizada;2016;144.421
Total Nacional;08 Castilla - La Mancha;Volumen de agua disponible no potabilizada;2014;186.662
Total Nacional;08 Castilla - La Mancha;Volumen de agua disponible no potabilizada;2013;198.031
Total Nacional;08 Castilla - La Mancha;Volumen de agua disponible no potabilizada;2012;159.111
Total Nacional;08 Castilla - La Mancha;Volumen de agua disponible no potabilizada;2011;197.933
Total Nacional;08 Castilla - La Mancha;Volumen de agua disponible no potabilizada;2010;232.872
Total Nacional;08 Castilla - La Mancha;Volumen de agua disponible no potabilizada;2009;240.626
Total Nacional;08 Castilla - La Mancha;Volumen de agua disponible no potabilizada;2008;224.382
Total Nacional;08 Castilla - La Mancha;Volumen de agua disponible no potabilizada;2007;227.871
Total Nacional;08 Castilla - La Mancha;Volumen de agua disponible no potabilizada;2006;222.790
Total Nacional;08 Castilla - La Mancha;Volumen de agua disponible no potabilizada;2005;218.719
Total Nacional;08 Castilla - La Mancha;Volumen de agua disponible no potabilizada;2004;216.859
Total Nacional;08 Castilla - La Mancha;Volumen de agua disponible no potabilizada;2003;225.994
Total Nacional;08 Castilla - La Mancha;Volumen de agua disponible no potabilizada;2002;195.722
Total Nacional;08 Castilla - La Mancha;Volumen de agua disponible no potabilizada;2001;211.160
Total Nacional;08 Castilla - La Mancha;Volumen de agua disponible no potabilizada;2000;217.712
Total Nacional;08 Castilla - La Mancha;Volumen de agua disponible para su potabilización;2022;251.505
Total Nacional;08 Castilla - La Mancha;Volumen de agua disponible para su potabilización;2020;237.332
Total Nacional;08 Castilla - La Mancha;Volumen de agua disponible para su potabilización;2018;231.617
Total Nacional;08 Castilla - La Mancha;Volumen de agua disponible para su potabilización;2016;222.147
Total Nacional;08 Castilla - La Mancha;Volumen de agua disponible para su potabilización;2014;239.671
Total Nacional;08 Castilla - La Mancha;Volumen de agua disponible para su potabilización;2013;263.853
Total Nacional;08 Castilla - La Mancha;Volumen de agua disponible para su potabilización;2012;220.096
Total Nacional;08 Castilla - La Mancha;Volumen de agua disponible para su potabilización;2011;261.482
Total Nacional;08 Castilla - La Mancha;Volumen de agua disponible para su potabilización;2010;243.126
Total Nacional;08 Castilla - La Mancha;Volumen de agua disponible para su potabilización;2009;244.127
Total Nacional;08 Castilla - La Mancha;Volumen de agua disponible para su potabilización;2008;235.230
Total Nacional;08 Castilla - La Mancha;Volumen de agua disponible para su potabilización;2007;238.295
Total Nacional;08 Castilla - La Mancha;Volumen de agua disponible para su potabilización;2006;236.450
Total Nacional;08 Castilla - La Mancha;Volumen de agua disponible para su potabilización;2005;234.711
Total Nacional;08 Castilla - La Mancha;Volumen de agua disponible para su potabilización;2004;254.141
Total Nacional;08 Castilla - La Mancha;Volumen de agua disponible para su potabilización;2003;258.586
Total Nacional;08 Castilla - La Mancha;Volumen de agua disponible para su potabilización;2002;219.003
Total Nacional;08 Castilla - La Mancha;Volumen de agua disponible para su potabilización;2001;232.313
Total Nacional;08 Castilla - La Mancha;Volumen de agua disponible para su potabilización;2000;214.724
Total Nacional;09 Cataluña;Volumen de agua disponible no potabilizada;2022;313.937
Total Nacional;09 Cataluña;Volumen de agua disponible no potabilizada;2020;368.578
Total Nacional;09 Cataluña;Volumen de agua disponible no potabilizada;2018;455.790
Total Nacional;09 Cataluña;Volumen de agua disponible no potabilizada;2016;462.818
Total Nacional;09 Cataluña;Volumen de agua disponible no potabilizada;2014;454.294
Total Nacional;09 Cataluña;Volumen de agua disponible no potabilizada;2013;473.753
Total Nacional;09 Cataluña;Volumen de agua disponible no potabilizada;2012;400.324
Total Nacional;09 Cataluña;Volumen de agua disponible no potabilizada;2011;398.859
Total Nacional;09 Cataluña;Volumen de agua disponible no potabilizada;2010;416.452
Total Nacional;09 Cataluña;Volumen de agua disponible no potabilizada;2009;381.959
Total Nacional;09 Cataluña;Volumen de agua disponible no potabilizada;2008;427.979
Total Nacional;09 Cataluña;Volumen de agua disponible no potabilizada;2007;459.249
Total Nacional;09 Cataluña;Volumen de agua disponible no potabilizada;2006;520.612
Total Nacional;09 Cataluña;Volumen de agua disponible no potabilizada;2005;439.319
Total Nacional;09 Cataluña;Volumen de agua disponible no potabilizada;2004;477.937
Total Nacional;09 Cataluña;Volumen de agua disponible no potabilizada;2003;487.984
Total Nacional;09 Cataluña;Volumen de agua disponible no potabilizada;2002;551.486
Total Nacional;09 Cataluña;Volumen de agua disponible no potabilizada;2001;594.511
Total Nacional;09 Cataluña;Volumen de agua disponible no potabilizada;2000;598.012
Total Nacional;09 Cataluña;Volumen de agua disponible para su potabilización;2022;574.062
Total Nacional;09 Cataluña;Volumen de agua disponible para su potabilización;2020;617.993
Total Nacional;09 Cataluña;Volumen de agua disponible para su potabilización;2018;700.729
Total Nacional;09 Cataluña;Volumen de agua disponible para su potabilización;2016;752.556
Total Nacional;09 Cataluña;Volumen de agua disponible para su potabilización;2014;709.444
Total Nacional;09 Cataluña;Volumen de agua disponible para su potabilización;2013;737.442
Total Nacional;09 Cataluña;Volumen de agua disponible para su potabilización;2012;683.885
Total Nacional;09 Cataluña;Volumen de agua disponible para su potabilización;2011;676.860
Total Nacional;09 Cataluña;Volumen de agua disponible para su potabilización;2010;696.780
Total Nacional;09 Cataluña;Volumen de agua disponible para su potabilización;2009;687.763
Total Nacional;09 Cataluña;Volumen de agua disponible para su potabilización;2008;730.184
Total Nacional;09 Cataluña;Volumen de agua disponible para su potabilización;2007;812.766
Total Nacional;09 Cataluña;Volumen de agua disponible para su potabilización;2006;843.437
Total Nacional;09 Cataluña;Volumen de agua disponible para su potabilización;2005;764.718
Total Nacional;09 Cataluña;Volumen de agua disponible para su potabilización;2004;795.991
Total Nacional;09 Cataluña;Volumen de agua disponible para su potabilización;2003;853.834
Total Nacional;09 Cataluña;Volumen de agua disponible para su potabilización;2002;937.513
Total Nacional;09 Cataluña;Volumen de agua disponible para su potabilización;2001;922.308
Total Nacional;09 Cataluña;Volumen de agua disponible para su potabilización;2000;904.455
Total Nacional;10 Comunitat Valenciana;Volumen de agua disponible no potabilizada;2022;361.782
Total Nacional;10 Comunitat Valenciana;Volumen de agua disponible no potabilizada;2020;416.593
Total Nacional;10 Comunitat Valenciana;Volumen de agua disponible no potabilizada;2018;466.226
Total Nacional;10 Comunitat Valenciana;Volumen de agua disponible no potabilizada;2016;381.035
Total Nacional;10 Comunitat Valenciana;Volumen de agua disponible no potabilizada;2014;330.236
Total Nacional;10 Comunitat Valenciana;Volumen de agua disponible no potabilizada;2013;401.932
Total Nacional;10 Comunitat Valenciana;Volumen de agua disponible no potabilizada;2012;339.792
Total Nacional;10 Comunitat Valenciana;Volumen de agua disponible no potabilizada;2011;331.421
Total Nacional;10 Comunitat Valenciana;Volumen de agua disponible no potabilizada;2010;439.540
Total Nacional;10 Comunitat Valenciana;Volumen de agua disponible no potabilizada;2009;469.207
Total Nacional;10 Comunitat Valenciana;Volumen de agua disponible no potabilizada;2008;592.466
Total Nacional;10 Comunitat Valenciana;Volumen de agua disponible no potabilizada;2007;535.344
Total Nacional;10 Comunitat Valenciana;Volumen de agua disponible no potabilizada;2006;469.024
Total Nacional;10 Comunitat Valenciana;Volumen de agua disponible no potabilizada;2005;409.061
Total Nacional;10 Comunitat Valenciana;Volumen de agua disponible no potabilizada;2004;459.403
Total Nacional;10 Comunitat Valenciana;Volumen de agua disponible no potabilizada;2003;511.411
Total Nacional;10 Comunitat Valenciana;Volumen de agua disponible no potabilizada;2002;477.648
Total Nacional;10 Comunitat Valenciana;Volumen de agua disponible no potabilizada;2001;478.318
Total Nacional;10 Comunitat Valenciana;Volumen de agua disponible no potabilizada;2000;467.294
Total Nacional;10 Comunitat Valenciana;Volumen de agua disponible para su potabilización;2022;424.329
Total Nacional;10 Comunitat Valenciana;Volumen de agua disponible para su potabilización;2020;531.831
Total Nacional;10 Comunitat Valenciana;Volumen de agua disponible para su potabilización;2018;583.377
Total Nacional;10 Comunitat Valenciana;Volumen de agua disponible para su potabilización;2016;521.855
Total Nacional;10 Comunitat Valenciana;Volumen de agua disponible para su potabilización;2014;503.873
Total Nacional;10 Comunitat Valenciana;Volumen de agua disponible para su potabilización;2013;511.397
Total Nacional;10 Comunitat Valenciana;Volumen de agua disponible para su potabilización;2012;518.125
Total Nacional;10 Comunitat Valenciana;Volumen de agua disponible para su potabilización;2011;506.669
Total Nacional;10 Comunitat Valenciana;Volumen de agua disponible para su potabilización;2010;511.572
Total Nacional;10 Comunitat Valenciana;Volumen de agua disponible para su potabilización;2009;537.785
Total Nacional;10 Comunitat Valenciana;Volumen de agua disponible para su potabilización;2008;673.661
Total Nacional;10 Comunitat Valenciana;Volumen de agua disponible para su potabilización;2007;699.482
Total Nacional;10 Comunitat Valenciana;Volumen de agua disponible para su potabilización;2006;636.805
Total Nacional;10 Comunitat Valenciana;Volumen de agua disponible para su potabilización;2005;611.350
Total Nacional;10 Comunitat Valenciana;Volumen de agua disponible para su potabilización;2004;671.945
Total Nacional;10 Comunitat Valenciana;Volumen de agua disponible para su potabilización;2003;633.224
Total Nacional;10 Comunitat Valenciana;Volumen de agua disponible para su potabilización;2002;576.884
Total Nacional;10 Comunitat Valenciana;Volumen de agua disponible para su potabilización;2001;553.270
Total Nacional;10 Comunitat Valenciana;Volumen de agua disponible para su potabilización;2000;534.621
Total Nacional;11 Extremadura;Volumen de agua disponible no potabilizada;2022;95.323
Total Nacional;11 Extremadura;Volumen de agua disponible no potabilizada;2020;91.669
Total Nacional;11 Extremadura;Volumen de agua disponible no potabilizada;2018;99.990
Total Nacional;11 Extremadura;Volumen de agua disponible no potabilizada;2016;114.478
Total Nacional;11 Extremadura;Volumen de agua disponible no potabilizada;2014;113.580
Total Nacional;11 Extremadura;Volumen de agua disponible no potabilizada;2013;121.939
Total Nacional;11 Extremadura;Volumen de agua disponible no potabilizada;2012;115.892
Total Nacional;11 Extremadura;Volumen de agua disponible no potabilizada;2011;143.704
Total Nacional;11 Extremadura;Volumen de agua disponible no potabilizada;2010;161.216
Total Nacional;11 Extremadura;Volumen de agua disponible no potabilizada;2009;164.497
Total Nacional;11 Extremadura;Volumen de agua disponible no potabilizada;2008;198.115
Total Nacional;11 Extremadura;Volumen de agua disponible no potabilizada;2007;166.019
Total Nacional;11 Extremadura;Volumen de agua disponible no potabilizada;2006;178.754
Total Nacional;11 Extremadura;Volumen de agua disponible no potabilizada;2005;179.413
Total Nacional;11 Extremadura;Volumen de agua disponible no potabilizada;2004;178.584
Total Nacional;11 Extremadura;Volumen de agua disponible no potabilizada;2003;124.854
Total Nacional;11 Extremadura;Volumen de agua disponible no potabilizada;2002;122.286
Total Nacional;11 Extremadura;Volumen de agua disponible no potabilizada;2001;131.915
Total Nacional;11 Extremadura;Volumen de agua disponible no potabilizada;2000;147.332
Total Nacional;11 Extremadura;Volumen de agua disponible para su potabilización;2022;103.022
Total Nacional;11 Extremadura;Volumen de agua disponible para su potabilización;2020;101.922
Total Nacional;11 Extremadura;Volumen de agua disponible para su potabilización;2018;117.393
Total Nacional;11 Extremadura;Volumen de agua disponible para su potabilización;2016;119.857
Total Nacional;11 Extremadura;Volumen de agua disponible para su potabilización;2014;123.796
Total Nacional;11 Extremadura;Volumen de agua disponible para su potabilización;2013;133.116
Total Nacional;11 Extremadura;Volumen de agua disponible para su potabilización;2012;135.533
Total Nacional;11 Extremadura;Volumen de agua disponible para su potabilización;2011;151.693
Total Nacional;11 Extremadura;Volumen de agua disponible para su potabilización;2010;167.922
Total Nacional;11 Extremadura;Volumen de agua disponible para su potabilización;2009;167.392
Total Nacional;11 Extremadura;Volumen de agua disponible para su potabilización;2008;190.981
Total Nacional;11 Extremadura;Volumen de agua disponible para su potabilización;2007;167.655
Total Nacional;11 Extremadura;Volumen de agua disponible para su potabilización;2006;183.225
Total Nacional;11 Extremadura;Volumen de agua disponible para su potabilización;2005;177.465
Total Nacional;11 Extremadura;Volumen de agua disponible para su potabilización;2004;189.822
Total Nacional;11 Extremadura;Volumen de agua disponible para su potabilización;2003;158.555
Total Nacional;11 Extremadura;Volumen de agua disponible para su potabilización;2002;150.887
Total Nacional;11 Extremadura;Volumen de agua disponible para su potabilización;2001;160.139
Total Nacional;11 Extremadura;Volumen de agua disponible para su potabilización;2000;144.792
Total Nacional;12 Galicia;Volumen de agua disponible no potabilizada;2022;374.955
Total Nacional;12 Galicia;Volumen de agua disponible no potabilizada;2020;250.557
Total Nacional;12 Galicia;Volumen de agua disponible no potabilizada;2018;234.953
Total Nacional;12 Galicia;Volumen de agua disponible no potabilizada;2016;259.659
Total Nacional;12 Galicia;Volumen de agua disponible no potabilizada;2014;280.817
Total Nacional;12 Galicia;Volumen de agua disponible no potabilizada;2013;274.340
Total Nacional;12 Galicia;Volumen de agua disponible no potabilizada;2012;269.823
Total Nacional;12 Galicia;Volumen de agua disponible no potabilizada;2011;264.904
Total Nacional;12 Galicia;Volumen de agua disponible no potabilizada;2010;275.857
Total Nacional;12 Galicia;Volumen de agua disponible no potabilizada;2009;295.886
Total Nacional;12 Galicia;Volumen de agua disponible no potabilizada;2008;272.487
Total Nacional;12 Galicia;Volumen de agua disponible no potabilizada;2007;257.167
Total Nacional;12 Galicia;Volumen de agua disponible no potabilizada;2006;262.550
Total Nacional;12 Galicia;Volumen de agua disponible no potabilizada;2005;274.625
Total Nacional;12 Galicia;Volumen de agua disponible no potabilizada;2004;306.655
Total Nacional;12 Galicia;Volumen de agua disponible no potabilizada;2003;333.146
Total Nacional;12 Galicia;Volumen de agua disponible no potabilizada;2002;322.639
Total Nacional;12 Galicia;Volumen de agua disponible no potabilizada;2001;307.548
Total Nacional;12 Galicia;Volumen de agua disponible no potabilizada;2000;294.853
Total Nacional;12 Galicia;Volumen de agua disponible para su potabilización;2022;382.511
Total Nacional;12 Galicia;Volumen de agua disponible para su potabilización;2020;250.128
Total Nacional;12 Galicia;Volumen de agua disponible para su potabilización;2018;251.902
Total Nacional;12 Galicia;Volumen de agua disponible para su potabilización;2016;291.727
Total Nacional;12 Galicia;Volumen de agua disponible para su potabilización;2014;303.711
Total Nacional;12 Galicia;Volumen de agua disponible para su potabilización;2013;272.329
Total Nacional;12 Galicia;Volumen de agua disponible para su potabilización;2012;282.076
Total Nacional;12 Galicia;Volumen de agua disponible para su potabilización;2011;285.596
Total Nacional;12 Galicia;Volumen de agua disponible para su potabilización;2010;279.147
Total Nacional;12 Galicia;Volumen de agua disponible para su potabilización;2009;293.049
Total Nacional;12 Galicia;Volumen de agua disponible para su potabilización;2008;302.969
Total Nacional;12 Galicia;Volumen de agua disponible para su potabilización;2007;320.046
Total Nacional;12 Galicia;Volumen de agua disponible para su potabilización;2006;295.998
Total Nacional;12 Galicia;Volumen de agua disponible para su potabilización;2005;327.676
Total Nacional;12 Galicia;Volumen de agua disponible para su potabilización;2004;356.425
Total Nacional;12 Galicia;Volumen de agua disponible para su potabilización;2003;345.096
Total Nacional;12 Galicia;Volumen de agua disponible para su potabilización;2002;351.862
Total Nacional;12 Galicia;Volumen de agua disponible para su potabilización;2001;341.118
Total Nacional;12 Galicia;Volumen de agua disponible para su potabilización;2000;324.781
Total Nacional;13 Madrid, Comunidad de;Volumen de agua disponible no potabilizada;2022;495.462
Total Nacional;13 Madrid, Comunidad de;Volumen de agua disponible no potabilizada;2020;491.489
Total Nacional;13 Madrid, Comunidad de;Volumen de agua disponible no potabilizada;2018;478.792
Total Nacional;13 Madrid, Comunidad de;Volumen de agua disponible no potabilizada;2016;488.107
Total Nacional;13 Madrid, Comunidad de;Volumen de agua disponible no potabilizada;2014;497.023
Total Nacional;13 Madrid, Comunidad de;Volumen de agua disponible no potabilizada;2013;499.229
Total Nacional;13 Madrid, Comunidad de;Volumen de agua disponible no potabilizada;2012;528.990
Total Nacional;13 Madrid, Comunidad de;Volumen de agua disponible no potabilizada;2011;554.887
Total Nacional;13 Madrid, Comunidad de;Volumen de agua disponible no potabilizada;2010;538.847
Total Nacional;13 Madrid, Comunidad de;Volumen de agua disponible no potabilizada;2009;556.271
Total Nacional;13 Madrid, Comunidad de;Volumen de agua disponible no potabilizada;2008;565.874
Total Nacional;13 Madrid, Comunidad de;Volumen de agua disponible no potabilizada;2007;578.337
Total Nacional;13 Madrid, Comunidad de;Volumen de agua disponible no potabilizada;2006;642.341
Total Nacional;13 Madrid, Comunidad de;Volumen de agua disponible no potabilizada;2005;656.522
Total Nacional;13 Madrid, Comunidad de;Volumen de agua disponible no potabilizada;2004;668.297
Total Nacional;13 Madrid, Comunidad de;Volumen de agua disponible no potabilizada;2003;679.171
Total Nacional;13 Madrid, Comunidad de;Volumen de agua disponible no potabilizada;2002;625.827
Total Nacional;13 Madrid, Comunidad de;Volumen de agua disponible no potabilizada;2001;631.009
Total Nacional;13 Madrid, Comunidad de;Volumen de agua disponible no potabilizada;2000;605.950
Total Nacional;13 Madrid, Comunidad de;Volumen de agua disponible para su potabilización;2022;510.813
Total Nacional;13 Madrid, Comunidad de;Volumen de agua disponible para su potabilización;2020;507.645
Total Nacional;13 Madrid, Comunidad de;Volumen de agua disponible para su potabilización;2018;494.375
Total Nacional;13 Madrid, Comunidad de;Volumen de agua disponible para su potabilización;2016;503.908
Total Nacional;13 Madrid, Comunidad de;Volumen de agua disponible para su potabilización;2014;512.384
Total Nacional;13 Madrid, Comunidad de;Volumen de agua disponible para su potabilización;2013;515.434
Total Nacional;13 Madrid, Comunidad de;Volumen de agua disponible para su potabilización;2012;548.618
Total Nacional;13 Madrid, Comunidad de;Volumen de agua disponible para su potabilización;2011;555.225
Total Nacional;13 Madrid, Comunidad de;Volumen de agua disponible para su potabilización;2010;556.605
Total Nacional;13 Madrid, Comunidad de;Volumen de agua disponible para su potabilización;2009;574.194
Total Nacional;13 Madrid, Comunidad de;Volumen de agua disponible para su potabilización;2008;574.436
Total Nacional;13 Madrid, Comunidad de;Volumen de agua disponible para su potabilización;2007;587.379
Total Nacional;13 Madrid, Comunidad de;Volumen de agua disponible para su potabilización;2006;652.433
Total Nacional;13 Madrid, Comunidad de;Volumen de agua disponible para su potabilización;2005;668.404
Total Nacional;13 Madrid, Comunidad de;Volumen de agua disponible para su potabilización;2004;673.022
Total Nacional;13 Madrid, Comunidad de;Volumen de agua disponible para su potabilización;2003;683.612
Total Nacional;13 Madrid, Comunidad de;Volumen de agua disponible para su potabilización;2002;628.971
Total Nacional;13 Madrid, Comunidad de;Volumen de agua disponible para su potabilización;2001;632.278
Total Nacional;13 Madrid, Comunidad de;Volumen de agua disponible para su potabilización;2000;616.722
Total Nacional;14 Murcia, Región de;Volumen de agua disponible no potabilizada;2022;27.513
Total Nacional;14 Murcia, Región de;Volumen de agua disponible no potabilizada;2020;26.050
Total Nacional;14 Murcia, Región de;Volumen de agua disponible no potabilizada;2018;26.165
Total Nacional;14 Murcia, Región de;Volumen de agua disponible no potabilizada;2016;43.687
Total Nacional;14 Murcia, Región de;Volumen de agua disponible no potabilizada;2014;25.380
Total Nacional;14 Murcia, Región de;Volumen de agua disponible no potabilizada;2013;29.493
Total Nacional;14 Murcia, Región de;Volumen de agua disponible no potabilizada;2012;33.873
Total Nacional;14 Murcia, Región de;Volumen de agua disponible no potabilizada;2011;16.872
Total Nacional;14 Murcia, Región de;Volumen de agua disponible no potabilizada;2010;20.468
Total Nacional;14 Murcia, Región de;Volumen de agua disponible no potabilizada;2009;18.915
Total Nacional;14 Murcia, Región de;Volumen de agua disponible no potabilizada;2008;107.407
Total Nacional;14 Murcia, Región de;Volumen de agua disponible no potabilizada;2007;149.900
Total Nacional;14 Murcia, Región de;Volumen de agua disponible no potabilizada;2006;45.228
Total Nacional;14 Murcia, Región de;Volumen de agua disponible no potabilizada;2005;49.696
Total Nacional;14 Murcia, Región de;Volumen de agua disponible no potabilizada;2004;73.955
Total Nacional;14 Murcia, Región de;Volumen de agua disponible no potabilizada;2003;74.295
Total Nacional;14 Murcia, Región de;Volumen de agua disponible no potabilizada;2002;72.737
Total Nacional;14 Murcia, Región de;Volumen de agua disponible no potabilizada;2001;88.988
Total Nacional;14 Murcia, Región de;Volumen de agua disponible no potabilizada;2000;49.141
Total Nacional;14 Murcia, Región de;Volumen de agua disponible para su potabilización;2022;127.084
Total Nacional;14 Murcia, Región de;Volumen de agua disponible para su potabilización;2020;129.371
Total Nacional;14 Murcia, Región de;Volumen de agua disponible para su potabilización;2018;126.826
Total Nacional;14 Murcia, Región de;Volumen de agua disponible para su potabilización;2016;134.519
Total Nacional;14 Murcia, Región de;Volumen de agua disponible para su potabilización;2014;125.643
Total Nacional;14 Murcia, Región de;Volumen de agua disponible para su potabilización;2013;127.509
Total Nacional;14 Murcia, Región de;Volumen de agua disponible para su potabilización;2012;134.704
Total Nacional;14 Murcia, Región de;Volumen de agua disponible para su potabilización;2011;137.895
Total Nacional;14 Murcia, Región de;Volumen de agua disponible para su potabilización;2010;138.746
Total Nacional;14 Murcia, Región de;Volumen de agua disponible para su potabilización;2009;145.285
Total Nacional;14 Murcia, Región de;Volumen de agua disponible para su potabilización;2008;153.525
Total Nacional;14 Murcia, Región de;Volumen de agua disponible para su potabilización;2007;188.416
Total Nacional;14 Murcia, Región de;Volumen de agua disponible para su potabilización;2006;153.488
Total Nacional;14 Murcia, Región de;Volumen de agua disponible para su potabilización;2005;166.841
Total Nacional;14 Murcia, Región de;Volumen de agua disponible para su potabilización;2004;162.325
Total Nacional;14 Murcia, Región de;Volumen de agua disponible para su potabilización;2003;147.313
Total Nacional;14 Murcia, Región de;Volumen de agua disponible para su potabilización;2002;133.518
Total Nacional;14 Murcia, Región de;Volumen de agua disponible para su potabilización;2001;164.998
Total Nacional;14 Murcia, Región de;Volumen de agua disponible para su potabilización;2000;108.496
Total Nacional;15 Navarra, Comunidad Foral de;Volumen de agua disponible no potabilizada;2022;85.440
Total Nacional;15 Navarra, Comunidad Foral de;Volumen de agua disponible no potabilizada;2020;69.127
Total Nacional;15 Navarra, Comunidad Foral de;Volumen de agua disponible no potabilizada;2018;69.410
Total Nacional;15 Navarra, Comunidad Foral de;Volumen de agua disponible no potabilizada;2016;127.202
Total Nacional;15 Navarra, Comunidad Foral de;Volumen de agua disponible no potabilizada;2014;69.168
Total Nacional;15 Navarra, Comunidad Foral de;Volumen de agua disponible no potabilizada;2013;76.757
Total Nacional;15 Navarra, Comunidad Foral de;Volumen de agua disponible no potabilizada;2012;80.575
Total Nacional;15 Navarra, Comunidad Foral de;Volumen de agua disponible no potabilizada;2011;98.251
Total Nacional;15 Navarra, Comunidad Foral de;Volumen de agua disponible no potabilizada;2010;75.212
Total Nacional;15 Navarra, Comunidad Foral de;Volumen de agua disponible no potabilizada;2009;66.783
Total Nacional;15 Navarra, Comunidad Foral de;Volumen de agua disponible no potabilizada;2008;74.632
Total Nacional;15 Navarra, Comunidad Foral de;Volumen de agua disponible no potabilizada;2007;83.426
Total Nacional;15 Navarra, Comunidad Foral de;Volumen de agua disponible no potabilizada;2006;93.877
Total Nacional;15 Navarra, Comunidad Foral de;Volumen de agua disponible no potabilizada;2005;95.617
Total Nacional;15 Navarra, Comunidad Foral de;Volumen de agua disponible no potabilizada;2004;62.577
Total Nacional;15 Navarra, Comunidad Foral de;Volumen de agua disponible no potabilizada;2003;81.794
Total Nacional;15 Navarra, Comunidad Foral de;Volumen de agua disponible no potabilizada;2002;70.206
Total Nacional;15 Navarra, Comunidad Foral de;Volumen de agua disponible no potabilizada;2001;69.827
Total Nacional;15 Navarra, Comunidad Foral de;Volumen de agua disponible no potabilizada;2000;67.654
Total Nacional;15 Navarra, Comunidad Foral de;Volumen de agua disponible para su potabilización;2022;76.897
Total Nacional;15 Navarra, Comunidad Foral de;Volumen de agua disponible para su potabilización;2020;74.237
Total Nacional;15 Navarra, Comunidad Foral de;Volumen de agua disponible para su potabilización;2018;67.674
Total Nacional;15 Navarra, Comunidad Foral de;Volumen de agua disponible para su potabilización;2016;76.093
Total Nacional;15 Navarra, Comunidad Foral de;Volumen de agua disponible para su potabilización;2014;71.254
Total Nacional;15 Navarra, Comunidad Foral de;Volumen de agua disponible para su potabilización;2013;70.294
Total Nacional;15 Navarra, Comunidad Foral de;Volumen de agua disponible para su potabilización;2012;84.122
Total Nacional;15 Navarra, Comunidad Foral de;Volumen de agua disponible para su potabilización;2011;79.823
Total Nacional;15 Navarra, Comunidad Foral de;Volumen de agua disponible para su potabilización;2010;73.097
Total Nacional;15 Navarra, Comunidad Foral de;Volumen de agua disponible para su potabilización;2009;75.060
Total Nacional;15 Navarra, Comunidad Foral de;Volumen de agua disponible para su potabilización;2008;73.974
Total Nacional;15 Navarra, Comunidad Foral de;Volumen de agua disponible para su potabilización;2007;83.970
Total Nacional;15 Navarra, Comunidad Foral de;Volumen de agua disponible para su potabilización;2006;90.192
Total Nacional;15 Navarra, Comunidad Foral de;Volumen de agua disponible para su potabilización;2005;95.593
Total Nacional;15 Navarra, Comunidad Foral de;Volumen de agua disponible para su potabilización;2004;62.243
Total Nacional;15 Navarra, Comunidad Foral de;Volumen de agua disponible para su potabilización;2003;81.418
Total Nacional;15 Navarra, Comunidad Foral de;Volumen de agua disponible para su potabilización;2002;70.379
Total Nacional;15 Navarra, Comunidad Foral de;Volumen de agua disponible para su potabilización;2001;72.675
Total Nacional;15 Navarra, Comunidad Foral de;Volumen de agua disponible para su potabilización;2000;67.885
Total Nacional;16 País Vasco;Volumen de agua disponible no potabilizada;2022;225.223
Total Nacional;16 País Vasco;Volumen de agua disponible no potabilizada;2020;197.023
Total Nacional;16 País Vasco;Volumen de agua disponible no potabilizada;2018;184.938
Total Nacional;16 País Vasco;Volumen de agua disponible no potabilizada;2016;160.043
Total Nacional;16 País Vasco;Volumen de agua disponible no potabilizada;2014;230.344
Total Nacional;16 País Vasco;Volumen de agua disponible no potabilizada;2013;237.235
Total Nacional;16 País Vasco;Volumen de agua disponible no potabilizada;2012;189.347
Total Nacional;16 País Vasco;Volumen de agua disponible no potabilizada;2011;165.077
Total Nacional;16 País Vasco;Volumen de agua disponible no potabilizada;2010;186.001
Total Nacional;16 País Vasco;Volumen de agua disponible no potabilizada;2009;193.376
Total Nacional;16 País Vasco;Volumen de agua disponible no potabilizada;2008;223.644
Total Nacional;16 País Vasco;Volumen de agua disponible no potabilizada;2007;204.669
Total Nacional;16 País Vasco;Volumen de agua disponible no potabilizada;2006;218.272
Total Nacional;16 País Vasco;Volumen de agua disponible no potabilizada;2005;254.473
Total Nacional;16 País Vasco;Volumen de agua disponible no potabilizada;2004;285.251
Total Nacional;16 País Vasco;Volumen de agua disponible no potabilizada;2003;414.212
Total Nacional;16 País Vasco;Volumen de agua disponible no potabilizada;2002;361.692
Total Nacional;16 País Vasco;Volumen de agua disponible no potabilizada;2001;366.718
Total Nacional;16 País Vasco;Volumen de agua disponible no potabilizada;2000;244.038
Total Nacional;16 País Vasco;Volumen de agua disponible para su potabilización;2022;117.611
Total Nacional;16 País Vasco;Volumen de agua disponible para su potabilización;2020;197.049
Total Nacional;16 País Vasco;Volumen de agua disponible para su potabilización;2018;198.985
Total Nacional;16 País Vasco;Volumen de agua disponible para su potabilización;2016;186.823
Total Nacional;16 País Vasco;Volumen de agua disponible para su potabilización;2014;209.105
Total Nacional;16 País Vasco;Volumen de agua disponible para su potabilización;2013;225.674
Total Nacional;16 País Vasco;Volumen de agua disponible para su potabilización;2012;207.842
Total Nacional;16 País Vasco;Volumen de agua disponible para su potabilización;2011;230.607
Total Nacional;16 País Vasco;Volumen de agua disponible para su potabilización;2010;248.328
Total Nacional;16 País Vasco;Volumen de agua disponible para su potabilización;2009;245.485
Total Nacional;16 País Vasco;Volumen de agua disponible para su potabilización;2008;266.906
Total Nacional;16 País Vasco;Volumen de agua disponible para su potabilización;2007;271.808
Total Nacional;16 País Vasco;Volumen de agua disponible para su potabilización;2006;251.449
Total Nacional;16 País Vasco;Volumen de agua disponible para su potabilización;2005;279.910
Total Nacional;16 País Vasco;Volumen de agua disponible para su potabilización;2004;292.942
Total Nacional;16 País Vasco;Volumen de agua disponible para su potabilización;2003;418.965
Total Nacional;16 País Vasco;Volumen de agua disponible para su potabilización;2002;364.500
Total Nacional;16 País Vasco;Volumen de agua disponible para su potabilización;2001;368.409
Total Nacional;16 País Vasco;Volumen de agua disponible para su potabilización;2000;273.582
Total Nacional;17 Rioja, La;Volumen de agua disponible no potabilizada;2022;47.014
Total Nacional;17 Rioja, La;Volumen de agua disponible no potabilizada;2020;42.860
Total Nacional;17 Rioja, La;Volumen de agua disponible no potabilizada;2018;47.524
Total Nacional;17 Rioja, La;Volumen de agua disponible no potabilizada;2016;39.078
Total Nacional;17 Rioja, La;Volumen de agua disponible no potabilizada;2014;41.370
Total Nacional;17 Rioja, La;Volumen de agua disponible no potabilizada;2013;56.481
Total Nacional;17 Rioja, La;Volumen de agua disponible no potabilizada;2012;48.748
Total Nacional;17 Rioja, La;Volumen de agua disponible no potabilizada;2011;49.252
Total Nacional;17 Rioja, La;Volumen de agua disponible no potabilizada;2010;49.425
Total Nacional;17 Rioja, La;Volumen de agua disponible no potabilizada;2009;53.475
Total Nacional;17 Rioja, La;Volumen de agua disponible no potabilizada;2008;64.703
Total Nacional;17 Rioja, La;Volumen de agua disponible no potabilizada;2007;39.922
Total Nacional;17 Rioja, La;Volumen de agua disponible no potabilizada;2006;42.532
Total Nacional;17 Rioja, La;Volumen de agua disponible no potabilizada;2005;48.161
Total Nacional;17 Rioja, La;Volumen de agua disponible no potabilizada;2004;41.887
Total Nacional;17 Rioja, La;Volumen de agua disponible no potabilizada;2003;45.599
Total Nacional;17 Rioja, La;Volumen de agua disponible no potabilizada;2002;51.505
Total Nacional;17 Rioja, La;Volumen de agua disponible no potabilizada;2001;45.001
Total Nacional;17 Rioja, La;Volumen de agua disponible no potabilizada;2000;47.034
Total Nacional;17 Rioja, La;Volumen de agua disponible para su potabilización;2022;55.443
Total Nacional;17 Rioja, La;Volumen de agua disponible para su potabilización;2020;45.417
Total Nacional;17 Rioja, La;Volumen de agua disponible para su potabilización;2018;46.623
Total Nacional;17 Rioja, La;Volumen de agua disponible para su potabilización;2016;36.861
Total Nacional;17 Rioja, La;Volumen de agua disponible para su potabilización;2014;35.294
Total Nacional;17 Rioja, La;Volumen de agua disponible para su potabilización;2013;46.482
Total Nacional;17 Rioja, La;Volumen de agua disponible para su potabilización;2012;46.768
Total Nacional;17 Rioja, La;Volumen de agua disponible para su potabilización;2011;45.445
Total Nacional;17 Rioja, La;Volumen de agua disponible para su potabilización;2010;45.897
Total Nacional;17 Rioja, La;Volumen de agua disponible para su potabilización;2009;45.906
Total Nacional;17 Rioja, La;Volumen de agua disponible para su potabilización;2008;64.545
Total Nacional;17 Rioja, La;Volumen de agua disponible para su potabilización;2007;39.565
Total Nacional;17 Rioja, La;Volumen de agua disponible para su potabilización;2006;42.828
Total Nacional;17 Rioja, La;Volumen de agua disponible para su potabilización;2005;48.358
Total Nacional;17 Rioja, La;Volumen de agua disponible para su potabilización;2004;42.550
Total Nacional;17 Rioja, La;Volumen de agua disponible para su potabilización;2003;43.147
Total Nacional;17 Rioja, La;Volumen de agua disponible para su potabilización;2002;50.327
Total Nacional;17 Rioja, La;Volumen de agua disponible para su potabilización;2001;45.162
Total Nacional;17 Rioja, La;Volumen de agua disponible para su potabilización;2000;47.259
Ceuta y Melilla;;Volumen de agua disponible no potabilizada;2022;13.046
Ceuta y Melilla;;Volumen de agua disponible no potabilizada;2020;22.949
Ceuta y Melilla;;Volumen de agua disponible no potabilizada;2018;20.604
Ceuta y Melilla;;Volumen de agua disponible no potabilizada;2016;20.673
Ceuta y Melilla;;Volumen de agua disponible no potabilizada;2014;12.567
Ceuta y Melilla;;Volumen de agua disponible no potabilizada;2013;12.795
Ceuta y Melilla;;Volumen de agua disponible no potabilizada;2012;14.248
Ceuta y Melilla;;Volumen de agua disponible no potabilizada;2011;3.374
Ceuta y Melilla;;Volumen de agua disponible no potabilizada;2010;14.194
Ceuta y Melilla;;Volumen de agua disponible no potabilizada;2009;14.425
Ceuta y Melilla;;Volumen de agua disponible no potabilizada;2008;16.547
Ceuta y Melilla;;Volumen de agua disponible no potabilizada;2007;19.807
Ceuta y Melilla;;Volumen de agua disponible no potabilizada;2006;20.077
Ceuta y Melilla;;Volumen de agua disponible no potabilizada;2005;19.988
Ceuta y Melilla;;Volumen de agua disponible no potabilizada;2004;18.530
Ceuta y Melilla;;Volumen de agua disponible no potabilizada;2003;20.947
Ceuta y Melilla;;Volumen de agua disponible no potabilizada;2002;16.973
Ceuta y Melilla;;Volumen de agua disponible no potabilizada;2001;17.932
Ceuta y Melilla;;Volumen de agua disponible no potabilizada;2000;19.975
Ceuta y Melilla;;Volumen de agua disponible para su potabilización;2022;13.046
Ceuta y Melilla;;Volumen de agua disponible para su potabilización;2020;21.645
Ceuta y Melilla;;Volumen de agua disponible para su potabilización;2018;20.604
Ceuta y Melilla;;Volumen de agua disponible para su potabilización;2016;20.673
Ceuta y Melilla;;Volumen de agua disponible para su potabilización;2014;20.108
Ceuta y Melilla;;Volumen de agua disponible para su potabilización;2013;20.396
Ceuta y Melilla;;Volumen de agua disponible para su potabilización;2012;21.497
Ceuta y Melilla;;Volumen de agua disponible para su potabilización;2011;19.180
Ceuta y Melilla;;Volumen de agua disponible para su potabilización;2010;20.594
Ceuta y Melilla;;Volumen de agua disponible para su potabilización;2009;21.375
Ceuta y Melilla;;Volumen de agua disponible para su potabilización;2008;23.799
Ceuta y Melilla;;Volumen de agua disponible para su potabilización;2007;19.807
Ceuta y Melilla;;Volumen de agua disponible para su potabilización;2006;20.077
Ceuta y Melilla;;Volumen de agua disponible para su potabilización;2005;19.988
Ceuta y Melilla;;Volumen de agua disponible para su potabilización;2004;18.530
Ceuta y Melilla;;Volumen de agua disponible para su potabilización;2003;20.947
Ceuta y Melilla;;Volumen de agua disponible para su potabilización;2002;22.263
Ceuta y Melilla;;Volumen de agua disponible para su potabilización;2001;17.932
Ceuta y Melilla;;Volumen de agua disponible para su potabilización;2000;19.975
