Total Nacional;Comunidades y Ciudades Autónomas;Tipo de captación;periodo;Total
Total Nacional;;Total;2022;3.405.171
Total Nacional;;Total;2020;3.238.172
Total Nacional;;Total;2018;3.178.653
Total Nacional;;Total;2016;3.553.637
Total Nacional;;Total;2014;3.599.437
Total Nacional;;Total;2013;3.735.690
Total Nacional;;Total;2012;3.562.119
Total Nacional;;Total;2011;3.391.477
Total Nacional;;Total;2010;3.635.655
Total Nacional;;Total;2009;3.739.127
Total Nacional;;Total;2008;3.757.106
Total Nacional;;Total;2007;3.762.619
Total Nacional;;Total;2006;3.840.220
Total Nacional;;Total;2005;4.066.341
Total Nacional;;Total;2004;4.193.613
Total Nacional;;Total;2003;4.214.160
Total Nacional;;Total;2002;4.105.632
Total Nacional;;Total;2001;4.183.657
Total Nacional;;Total;2000;4.013.562
Total Nacional;;Aguas superficiales;2022;2.260.877
Total Nacional;;Aguas superficiales;2020;2.153.165
Total Nacional;;Aguas superficiales;2018;2.040.822
Total Nacional;;Aguas superficiales;2016;2.332.169
Total Nacional;;Aguas superficiales;2014;2.436.040
Total Nacional;;Aguas superficiales;2013;2.479.923
Total Nacional;;Aguas superficiales;2012;2.402.343
Total Nacional;;Aguas superficiales;2011;2.258.931
Total Nacional;;Aguas superficiales;2010;2.463.835
Total Nacional;;Aguas superficiales;2009;2.517.139
Total Nacional;;Aguas superficiales;2008;2.443.677
Total Nacional;;Aguas superficiales;2007;2.406.481
Total Nacional;;Aguas superficiales;2006;2.511.679
Total Nacional;;Aguas superficiales;2005;2.811.633
Total Nacional;;Aguas superficiales;2004;2.978.828
Total Nacional;;Aguas superficiales;2003;2.906.338
Total Nacional;;Aguas superficiales;2002;2.980.542
Total Nacional;;Aguas superficiales;2001;3.094.641
Total Nacional;;Aguas superficiales;2000;2.999.577
Total Nacional;;Aguas subterráneas;2022;827.843
Total Nacional;;Aguas subterráneas;2020;892.819
Total Nacional;;Aguas subterráneas;2018;983.895
Total Nacional;;Aguas subterráneas;2016;1.050.738
Total Nacional;;Aguas subterráneas;2014;1.003.828
Total Nacional;;Aguas subterráneas;2013;1.124.635
Total Nacional;;Aguas subterráneas;2012;1.057.111
Total Nacional;;Aguas subterráneas;2011;1.004.668
Total Nacional;;Aguas subterráneas;2010;1.065.852
Total Nacional;;Aguas subterráneas;2009;1.118.600
Total Nacional;;Aguas subterráneas;2008;1.212.979
Total Nacional;;Aguas subterráneas;2007;1.226.742
Total Nacional;;Aguas subterráneas;2006;1.220.691
Total Nacional;;Aguas subterráneas;2005;1.147.594
Total Nacional;;Aguas subterráneas;2004;1.094.961
Total Nacional;;Aguas subterráneas;2003;1.179.605
Total Nacional;;Aguas subterráneas;2002;996.163
Total Nacional;;Aguas subterráneas;2001;970.566
Total Nacional;;Aguas subterráneas;2000;928.413
Total Nacional;;Desalación;2022;316.451
Total Nacional;;Desalación;2020;192.188
Total Nacional;;Desalación;2018;153.936
Total Nacional;;Desalación;2016;170.730
Total Nacional;;Desalación;2014;159.569
Total Nacional;;Desalación;2013;131.132
Total Nacional;;Desalación;2012;102.665
Total Nacional;;Desalación;2011;127.878
Total Nacional;;Desalación;2010;105.968
Total Nacional;;Desalación;2009;103.388
Total Nacional;;Desalación;2008;100.450
Total Nacional;;Desalación;2007;129.396
Total Nacional;;Desalación;2006;107.850
Total Nacional;;Desalación;2005;107.114
Total Nacional;;Desalación;2004;119.824
Total Nacional;;Desalación;2003;128.217
Total Nacional;;Desalación;2002;128.927
Total Nacional;;Desalación;2001;118.450
Total Nacional;;Desalación;2000;85.572
Total Nacional;01 Andalucía;Total;2022;457.514
Total Nacional;01 Andalucía;Total;2020;590.918
Total Nacional;01 Andalucía;Total;2018;600.535
Total Nacional;01 Andalucía;Total;2016;612.671
Total Nacional;01 Andalucía;Total;2014;583.899
Total Nacional;01 Andalucía;Total;2013;640.220
Total Nacional;01 Andalucía;Total;2012;610.179
Total Nacional;01 Andalucía;Total;2011;562.323
Total Nacional;01 Andalucía;Total;2010;573.925
Total Nacional;01 Andalucía;Total;2009;625.878
Total Nacional;01 Andalucía;Total;2008;550.577
Total Nacional;01 Andalucía;Total;2007;586.986
Total Nacional;01 Andalucía;Total;2006;678.959
Total Nacional;01 Andalucía;Total;2005;779.698
Total Nacional;01 Andalucía;Total;2004;772.806
Total Nacional;01 Andalucía;Total;2003;676.710
Total Nacional;01 Andalucía;Total;2002;708.812
Total Nacional;01 Andalucía;Total;2001;706.776
Total Nacional;01 Andalucía;Total;2000;628.876
Total Nacional;01 Andalucía;Aguas superficiales;2022;261.335
Total Nacional;01 Andalucía;Aguas superficiales;2020;361.369
Total Nacional;01 Andalucía;Aguas superficiales;2018;364.271
Total Nacional;01 Andalucía;Aguas superficiales;2016;336.107
Total Nacional;01 Andalucía;Aguas superficiales;2014;356.840
Total Nacional;01 Andalucía;Aguas superficiales;2013;331.069
Total Nacional;01 Andalucía;Aguas superficiales;2012;337.180
Total Nacional;01 Andalucía;Aguas superficiales;2011;301.187
Total Nacional;01 Andalucía;Aguas superficiales;2010;344.652
Total Nacional;01 Andalucía;Aguas superficiales;2009;392.699
Total Nacional;01 Andalucía;Aguas superficiales;2008;332.034
Total Nacional;01 Andalucía;Aguas superficiales;2007;367.094
Total Nacional;01 Andalucía;Aguas superficiales;2006;475.485
Total Nacional;01 Andalucía;Aguas superficiales;2005;497.294
Total Nacional;01 Andalucía;Aguas superficiales;2004;528.170
Total Nacional;01 Andalucía;Aguas superficiales;2003;503.639
Total Nacional;01 Andalucía;Aguas superficiales;2002;497.636
Total Nacional;01 Andalucía;Aguas superficiales;2001;525.574
Total Nacional;01 Andalucía;Aguas superficiales;2000;482.584
Total Nacional;01 Andalucía;Aguas subterráneas;2022;178.375
Total Nacional;01 Andalucía;Aguas subterráneas;2020;217.914
Total Nacional;01 Andalucía;Aguas subterráneas;2018;220.990
Total Nacional;01 Andalucía;Aguas subterráneas;2016;262.459
Total Nacional;01 Andalucía;Aguas subterráneas;2014;213.478
Total Nacional;01 Andalucía;Aguas subterráneas;2013;302.560
Total Nacional;01 Andalucía;Aguas subterráneas;2012;250.593
Total Nacional;01 Andalucía;Aguas subterráneas;2011;249.698
Total Nacional;01 Andalucía;Aguas subterráneas;2010;227.524
Total Nacional;01 Andalucía;Aguas subterráneas;2009;216.448
Total Nacional;01 Andalucía;Aguas subterráneas;2008;212.270
Total Nacional;01 Andalucía;Aguas subterráneas;2007;205.188
Total Nacional;01 Andalucía;Aguas subterráneas;2006;196.448
Total Nacional;01 Andalucía;Aguas subterráneas;2005;282.404
Total Nacional;01 Andalucía;Aguas subterráneas;2004;242.861
Total Nacional;01 Andalucía;Aguas subterráneas;2003;169.926
Total Nacional;01 Andalucía;Aguas subterráneas;2002;208.233
Total Nacional;01 Andalucía;Aguas subterráneas;2001;178.615
Total Nacional;01 Andalucía;Aguas subterráneas;2000;144.169
Total Nacional;01 Andalucía;Desalación;2022;17.805
Total Nacional;01 Andalucía;Desalación;2020;11.635
Total Nacional;01 Andalucía;Desalación;2018;15.274
Total Nacional;01 Andalucía;Desalación;2016;14.105
Total Nacional;01 Andalucía;Desalación;2014;13.581
Total Nacional;01 Andalucía;Desalación;2013;6.591
Total Nacional;01 Andalucía;Desalación;2012;22.406
Total Nacional;01 Andalucía;Desalación;2011;11.438
Total Nacional;01 Andalucía;Desalación;2010;1.749
Total Nacional;01 Andalucía;Desalación;2009;16.731
Total Nacional;01 Andalucía;Desalación;2008;6.273
Total Nacional;01 Andalucía;Desalación;2007;14.704
Total Nacional;01 Andalucía;Desalación;2006;7.026
Total Nacional;01 Andalucía;Desalación;2005;0
Total Nacional;01 Andalucía;Desalación;2004;1.775
Total Nacional;01 Andalucía;Desalación;2003;3.145
Total Nacional;01 Andalucía;Desalación;2002;2.943
Total Nacional;01 Andalucía;Desalación;2001;2.587
Total Nacional;01 Andalucía;Desalación;2000;2.123
Total Nacional;02 Aragón;Total;2022;160.424
Total Nacional;02 Aragón;Total;2020;128.134
Total Nacional;02 Aragón;Total;2018;108.880
Total Nacional;02 Aragón;Total;2016;248.544
Total Nacional;02 Aragón;Total;2014;241.843
Total Nacional;02 Aragón;Total;2013;180.839
Total Nacional;02 Aragón;Total;2012;233.520
Total Nacional;02 Aragón;Total;2011;93.312
Total Nacional;02 Aragón;Total;2010;94.799
Total Nacional;02 Aragón;Total;2009;103.556
Total Nacional;02 Aragón;Total;2008;85.417
Total Nacional;02 Aragón;Total;2007;75.108
Total Nacional;02 Aragón;Total;2006;70.171
Total Nacional;02 Aragón;Total;2005;126.266
Total Nacional;02 Aragón;Total;2004;108.115
Total Nacional;02 Aragón;Total;2003;105.481
Total Nacional;02 Aragón;Total;2002;76.605
Total Nacional;02 Aragón;Total;2001;65.260
Total Nacional;02 Aragón;Total;2000;60.601
Total Nacional;02 Aragón;Aguas superficiales;2022;156.554
Total Nacional;02 Aragón;Aguas superficiales;2020;122.278
Total Nacional;02 Aragón;Aguas superficiales;2018;99.586
Total Nacional;02 Aragón;Aguas superficiales;2016;238.403
Total Nacional;02 Aragón;Aguas superficiales;2014;227.166
Total Nacional;02 Aragón;Aguas superficiales;2013;178.137
Total Nacional;02 Aragón;Aguas superficiales;2012;227.047
Total Nacional;02 Aragón;Aguas superficiales;2011;86.126
Total Nacional;02 Aragón;Aguas superficiales;2010;86.070
Total Nacional;02 Aragón;Aguas superficiales;2009;94.694
Total Nacional;02 Aragón;Aguas superficiales;2008;76.357
Total Nacional;02 Aragón;Aguas superficiales;2007;63.773
Total Nacional;02 Aragón;Aguas superficiales;2006;64.740
Total Nacional;02 Aragón;Aguas superficiales;2005;117.217
Total Nacional;02 Aragón;Aguas superficiales;2004;95.299
Total Nacional;02 Aragón;Aguas superficiales;2003;92.345
Total Nacional;02 Aragón;Aguas superficiales;2002;65.707
Total Nacional;02 Aragón;Aguas superficiales;2001;54.551
Total Nacional;02 Aragón;Aguas superficiales;2000;51.142
Total Nacional;02 Aragón;Aguas subterráneas;2022;3.870
Total Nacional;02 Aragón;Aguas subterráneas;2020;5.856
Total Nacional;02 Aragón;Aguas subterráneas;2018;9.294
Total Nacional;02 Aragón;Aguas subterráneas;2016;10.141
Total Nacional;02 Aragón;Aguas subterráneas;2014;14.677
Total Nacional;02 Aragón;Aguas subterráneas;2013;2.702
Total Nacional;02 Aragón;Aguas subterráneas;2012;6.473
Total Nacional;02 Aragón;Aguas subterráneas;2011;7.186
Total Nacional;02 Aragón;Aguas subterráneas;2010;8.729
Total Nacional;02 Aragón;Aguas subterráneas;2009;8.862
Total Nacional;02 Aragón;Aguas subterráneas;2008;9.060
Total Nacional;02 Aragón;Aguas subterráneas;2007;11.335
Total Nacional;02 Aragón;Aguas subterráneas;2006;5.431
Total Nacional;02 Aragón;Aguas subterráneas;2005;9.049
Total Nacional;02 Aragón;Aguas subterráneas;2004;12.816
Total Nacional;02 Aragón;Aguas subterráneas;2003;13.136
Total Nacional;02 Aragón;Aguas subterráneas;2002;10.898
Total Nacional;02 Aragón;Aguas subterráneas;2001;10.709
Total Nacional;02 Aragón;Aguas subterráneas;2000;9.459
Total Nacional;02 Aragón;Desalación;2022;0
Total Nacional;02 Aragón;Desalación;2020;0
Total Nacional;02 Aragón;Desalación;2018;0
Total Nacional;02 Aragón;Desalación;2016;0
Total Nacional;02 Aragón;Desalación;2014;0
Total Nacional;02 Aragón;Desalación;2013;0
Total Nacional;02 Aragón;Desalación;2012;0
Total Nacional;02 Aragón;Desalación;2011;0
Total Nacional;02 Aragón;Desalación;2010;0
Total Nacional;02 Aragón;Desalación;2009;0
Total Nacional;02 Aragón;Desalación;2008;0
Total Nacional;02 Aragón;Desalación;2007;0
Total Nacional;02 Aragón;Desalación;2006;0
Total Nacional;02 Aragón;Desalación;2005;0
Total Nacional;02 Aragón;Desalación;2004;0
Total Nacional;02 Aragón;Desalación;2003;0
Total Nacional;02 Aragón;Desalación;2002;0
Total Nacional;02 Aragón;Desalación;2001;0
Total Nacional;02 Aragón;Desalación;2000;0
Total Nacional;03 Asturias, Principado de;Total;2022;102.168
Total Nacional;03 Asturias, Principado de;Total;2020;91.023
Total Nacional;03 Asturias, Principado de;Total;2018;73.899
Total Nacional;03 Asturias, Principado de;Total;2016;97.907
Total Nacional;03 Asturias, Principado de;Total;2014;161.706
Total Nacional;03 Asturias, Principado de;Total;2013;207.539
Total Nacional;03 Asturias, Principado de;Total;2012;147.135
Total Nacional;03 Asturias, Principado de;Total;2011;149.213
Total Nacional;03 Asturias, Principado de;Total;2010;158.505
Total Nacional;03 Asturias, Principado de;Total;2009;151.757
Total Nacional;03 Asturias, Principado de;Total;2008;128.118
Total Nacional;03 Asturias, Principado de;Total;2007;122.445
Total Nacional;03 Asturias, Principado de;Total;2006;84.198
Total Nacional;03 Asturias, Principado de;Total;2005;130.126
Total Nacional;03 Asturias, Principado de;Total;2004;116.525
Total Nacional;03 Asturias, Principado de;Total;2003;91.384
Total Nacional;03 Asturias, Principado de;Total;2002;89.914
Total Nacional;03 Asturias, Principado de;Total;2001;87.224
Total Nacional;03 Asturias, Principado de;Total;2000;79.780
Total Nacional;03 Asturias, Principado de;Aguas superficiales;2022;72.202
Total Nacional;03 Asturias, Principado de;Aguas superficiales;2020;64.539
Total Nacional;03 Asturias, Principado de;Aguas superficiales;2018;65.368
Total Nacional;03 Asturias, Principado de;Aguas superficiales;2016;74.613
Total Nacional;03 Asturias, Principado de;Aguas superficiales;2014;140.236
Total Nacional;03 Asturias, Principado de;Aguas superficiales;2013;178.431
Total Nacional;03 Asturias, Principado de;Aguas superficiales;2012;119.296
Total Nacional;03 Asturias, Principado de;Aguas superficiales;2011;140.305
Total Nacional;03 Asturias, Principado de;Aguas superficiales;2010;147.373
Total Nacional;03 Asturias, Principado de;Aguas superficiales;2009;138.156
Total Nacional;03 Asturias, Principado de;Aguas superficiales;2008;107.628
Total Nacional;03 Asturias, Principado de;Aguas superficiales;2007;101.065
Total Nacional;03 Asturias, Principado de;Aguas superficiales;2006;63.002
Total Nacional;03 Asturias, Principado de;Aguas superficiales;2005;95.747
Total Nacional;03 Asturias, Principado de;Aguas superficiales;2004;96.262
Total Nacional;03 Asturias, Principado de;Aguas superficiales;2003;76.349
Total Nacional;03 Asturias, Principado de;Aguas superficiales;2002;77.202
Total Nacional;03 Asturias, Principado de;Aguas superficiales;2001;76.129
Total Nacional;03 Asturias, Principado de;Aguas superficiales;2000;67.676
Total Nacional;03 Asturias, Principado de;Aguas subterráneas;2022;29.967
Total Nacional;03 Asturias, Principado de;Aguas subterráneas;2020;26.484
Total Nacional;03 Asturias, Principado de;Aguas subterráneas;2018;8.531
Total Nacional;03 Asturias, Principado de;Aguas subterráneas;2016;23.294
Total Nacional;03 Asturias, Principado de;Aguas subterráneas;2014;21.470
Total Nacional;03 Asturias, Principado de;Aguas subterráneas;2013;29.108
Total Nacional;03 Asturias, Principado de;Aguas subterráneas;2012;27.839
Total Nacional;03 Asturias, Principado de;Aguas subterráneas;2011;8.908
Total Nacional;03 Asturias, Principado de;Aguas subterráneas;2010;11.132
Total Nacional;03 Asturias, Principado de;Aguas subterráneas;2009;13.601
Total Nacional;03 Asturias, Principado de;Aguas subterráneas;2008;20.490
Total Nacional;03 Asturias, Principado de;Aguas subterráneas;2007;21.380
Total Nacional;03 Asturias, Principado de;Aguas subterráneas;2006;21.196
Total Nacional;03 Asturias, Principado de;Aguas subterráneas;2005;34.379
Total Nacional;03 Asturias, Principado de;Aguas subterráneas;2004;20.263
Total Nacional;03 Asturias, Principado de;Aguas subterráneas;2003;15.035
Total Nacional;03 Asturias, Principado de;Aguas subterráneas;2002;12.592
Total Nacional;03 Asturias, Principado de;Aguas subterráneas;2001;11.095
Total Nacional;03 Asturias, Principado de;Aguas subterráneas;2000;12.104
Total Nacional;03 Asturias, Principado de;Desalación;2022;0
Total Nacional;03 Asturias, Principado de;Desalación;2020;0
Total Nacional;03 Asturias, Principado de;Desalación;2018;0
Total Nacional;03 Asturias, Principado de;Desalación;2016;0
Total Nacional;03 Asturias, Principado de;Desalación;2014;0
Total Nacional;03 Asturias, Principado de;Desalación;2013;0
Total Nacional;03 Asturias, Principado de;Desalación;2012;0
Total Nacional;03 Asturias, Principado de;Desalación;2011;0
Total Nacional;03 Asturias, Principado de;Desalación;2010;0
Total Nacional;03 Asturias, Principado de;Desalación;2009;0
Total Nacional;03 Asturias, Principado de;Desalación;2008;0
Total Nacional;03 Asturias, Principado de;Desalación;2007;0
Total Nacional;03 Asturias, Principado de;Desalación;2006;0
Total Nacional;03 Asturias, Principado de;Desalación;2005;0
Total Nacional;03 Asturias, Principado de;Desalación;2004;0
Total Nacional;03 Asturias, Principado de;Desalación;2003;0
Total Nacional;03 Asturias, Principado de;Desalación;2002;120
Total Nacional;03 Asturias, Principado de;Desalación;2001;0
Total Nacional;03 Asturias, Principado de;Desalación;2000;0
Total Nacional;04 Balears, Illes;Total;2022;71.556
Total Nacional;04 Balears, Illes;Total;2020;75.897
Total Nacional;04 Balears, Illes;Total;2018;96.072
Total Nacional;04 Balears, Illes;Total;2016;92.817
Total Nacional;04 Balears, Illes;Total;2014;110.406
Total Nacional;04 Balears, Illes;Total;2013;108.873
Total Nacional;04 Balears, Illes;Total;2012;61.926
Total Nacional;04 Balears, Illes;Total;2011;69.586
Total Nacional;04 Balears, Illes;Total;2010;80.421
Total Nacional;04 Balears, Illes;Total;2009;79.502
Total Nacional;04 Balears, Illes;Total;2008;86.700
Total Nacional;04 Balears, Illes;Total;2007;81.271
Total Nacional;04 Balears, Illes;Total;2006;74.892
Total Nacional;04 Balears, Illes;Total;2005;85.626
Total Nacional;04 Balears, Illes;Total;2004;87.807
Total Nacional;04 Balears, Illes;Total;2003;67.102
Total Nacional;04 Balears, Illes;Total;2002;68.206
Total Nacional;04 Balears, Illes;Total;2001;61.732
Total Nacional;04 Balears, Illes;Total;2000;76.210
Total Nacional;04 Balears, Illes;Aguas superficiales;2022;14.785
Total Nacional;04 Balears, Illes;Aguas superficiales;2020;14.671
Total Nacional;04 Balears, Illes;Aguas superficiales;2018;11.532
Total Nacional;04 Balears, Illes;Aguas superficiales;2016;4.955
Total Nacional;04 Balears, Illes;Aguas superficiales;2014;11.561
Total Nacional;04 Balears, Illes;Aguas superficiales;2013;8.487
Total Nacional;04 Balears, Illes;Aguas superficiales;2012;11.088
Total Nacional;04 Balears, Illes;Aguas superficiales;2011;10.689
Total Nacional;04 Balears, Illes;Aguas superficiales;2010;24.057
Total Nacional;04 Balears, Illes;Aguas superficiales;2009;21.651
Total Nacional;04 Balears, Illes;Aguas superficiales;2008;14.751
Total Nacional;04 Balears, Illes;Aguas superficiales;2007;18.603
Total Nacional;04 Balears, Illes;Aguas superficiales;2006;25.932
Total Nacional;04 Balears, Illes;Aguas superficiales;2005;22.898
Total Nacional;04 Balears, Illes;Aguas superficiales;2004;36.588
Total Nacional;04 Balears, Illes;Aguas superficiales;2003;16.854
Total Nacional;04 Balears, Illes;Aguas superficiales;2002;21.905
Total Nacional;04 Balears, Illes;Aguas superficiales;2001;16.343
Total Nacional;04 Balears, Illes;Aguas superficiales;2000;22.525
Total Nacional;04 Balears, Illes;Aguas subterráneas;2022;42.881
Total Nacional;04 Balears, Illes;Aguas subterráneas;2020;45.781
Total Nacional;04 Balears, Illes;Aguas subterráneas;2018;77.076
Total Nacional;04 Balears, Illes;Aguas subterráneas;2016;79.307
Total Nacional;04 Balears, Illes;Aguas subterráneas;2014;82.268
Total Nacional;04 Balears, Illes;Aguas subterráneas;2013;76.578
Total Nacional;04 Balears, Illes;Aguas subterráneas;2012;50.838
Total Nacional;04 Balears, Illes;Aguas subterráneas;2011;46.264
Total Nacional;04 Balears, Illes;Aguas subterráneas;2010;48.692
Total Nacional;04 Balears, Illes;Aguas subterráneas;2009;48.255
Total Nacional;04 Balears, Illes;Aguas subterráneas;2008;65.497
Total Nacional;04 Balears, Illes;Aguas subterráneas;2007;55.846
Total Nacional;04 Balears, Illes;Aguas subterráneas;2006;41.289
Total Nacional;04 Balears, Illes;Aguas subterráneas;2005;53.362
Total Nacional;04 Balears, Illes;Aguas subterráneas;2004;38.765
Total Nacional;04 Balears, Illes;Aguas subterráneas;2003;43.367
Total Nacional;04 Balears, Illes;Aguas subterráneas;2002;43.669
Total Nacional;04 Balears, Illes;Aguas subterráneas;2001;45.038
Total Nacional;04 Balears, Illes;Aguas subterráneas;2000;52.915
Total Nacional;04 Balears, Illes;Desalación;2022;13.890
Total Nacional;04 Balears, Illes;Desalación;2020;15.445
Total Nacional;04 Balears, Illes;Desalación;2018;7.464
Total Nacional;04 Balears, Illes;Desalación;2016;8.555
Total Nacional;04 Balears, Illes;Desalación;2014;16.577
Total Nacional;04 Balears, Illes;Desalación;2013;23.808
Total Nacional;04 Balears, Illes;Desalación;2012;0
Total Nacional;04 Balears, Illes;Desalación;2011;12.633
Total Nacional;04 Balears, Illes;Desalación;2010;7.672
Total Nacional;04 Balears, Illes;Desalación;2009;9.596
Total Nacional;04 Balears, Illes;Desalación;2008;6.452
Total Nacional;04 Balears, Illes;Desalación;2007;6.822
Total Nacional;04 Balears, Illes;Desalación;2006;7.671
Total Nacional;04 Balears, Illes;Desalación;2005;9.366
Total Nacional;04 Balears, Illes;Desalación;2004;12.454
Total Nacional;04 Balears, Illes;Desalación;2003;6.881
Total Nacional;04 Balears, Illes;Desalación;2002;2.632
Total Nacional;04 Balears, Illes;Desalación;2001;351
Total Nacional;04 Balears, Illes;Desalación;2000;770
Total Nacional;05 Canarias;Total;2022;235.411
Total Nacional;05 Canarias;Total;2020;156.629
Total Nacional;05 Canarias;Total;2018;136.016
Total Nacional;05 Canarias;Total;2016;136.565
Total Nacional;05 Canarias;Total;2014;138.593
Total Nacional;05 Canarias;Total;2013;115.299
Total Nacional;05 Canarias;Total;2012;127.247
Total Nacional;05 Canarias;Total;2011;133.361
Total Nacional;05 Canarias;Total;2010;145.573
Total Nacional;05 Canarias;Total;2009;140.050
Total Nacional;05 Canarias;Total;2008;139.390
Total Nacional;05 Canarias;Total;2007;172.922
Total Nacional;05 Canarias;Total;2006;129.549
Total Nacional;05 Canarias;Total;2005;130.237
Total Nacional;05 Canarias;Total;2004;135.486
Total Nacional;05 Canarias;Total;2003;127.948
Total Nacional;05 Canarias;Total;2002;126.601
Total Nacional;05 Canarias;Total;2001;104.166
Total Nacional;05 Canarias;Total;2000;107.453
Total Nacional;05 Canarias;Aguas superficiales;2022;225
Total Nacional;05 Canarias;Aguas superficiales;2020;18
Total Nacional;05 Canarias;Aguas superficiales;2018;2.996
Total Nacional;05 Canarias;Aguas superficiales;2016;734
Total Nacional;05 Canarias;Aguas superficiales;2014;5.404
Total Nacional;05 Canarias;Aguas superficiales;2013;9.646
Total Nacional;05 Canarias;Aguas superficiales;2012;23.411
Total Nacional;05 Canarias;Aguas superficiales;2011;22.534
Total Nacional;05 Canarias;Aguas superficiales;2010;47.386
Total Nacional;05 Canarias;Aguas superficiales;2009;38.776
Total Nacional;05 Canarias;Aguas superficiales;2008;29.544
Total Nacional;05 Canarias;Aguas superficiales;2007;33.549
Total Nacional;05 Canarias;Aguas superficiales;2006;38.385
Total Nacional;05 Canarias;Aguas superficiales;2005;17.881
Total Nacional;05 Canarias;Aguas superficiales;2004;18.410
Total Nacional;05 Canarias;Aguas superficiales;2003;14.709
Total Nacional;05 Canarias;Aguas superficiales;2002;19.118
Total Nacional;05 Canarias;Aguas superficiales;2001;14.586
Total Nacional;05 Canarias;Aguas superficiales;2000;18.961
Total Nacional;05 Canarias;Aguas subterráneas;2022;14.410
Total Nacional;05 Canarias;Aguas subterráneas;2020;10.067
Total Nacional;05 Canarias;Aguas subterráneas;2018;11.674
Total Nacional;05 Canarias;Aguas subterráneas;2016;7.288
Total Nacional;05 Canarias;Aguas subterráneas;2014;7.803
Total Nacional;05 Canarias;Aguas subterráneas;2013;7.382
Total Nacional;05 Canarias;Aguas subterráneas;2012;29.100
Total Nacional;05 Canarias;Aguas subterráneas;2011;7.192
Total Nacional;05 Canarias;Aguas subterráneas;2010;8.652
Total Nacional;05 Canarias;Aguas subterráneas;2009;31.580
Total Nacional;05 Canarias;Aguas subterráneas;2008;40.257
Total Nacional;05 Canarias;Aguas subterráneas;2007;54.873
Total Nacional;05 Canarias;Aguas subterráneas;2006;24.173
Total Nacional;05 Canarias;Aguas subterráneas;2005;40.415
Total Nacional;05 Canarias;Aguas subterráneas;2004;39.025
Total Nacional;05 Canarias;Aguas subterráneas;2003;42.423
Total Nacional;05 Canarias;Aguas subterráneas;2002;21.452
Total Nacional;05 Canarias;Aguas subterráneas;2001;16.778
Total Nacional;05 Canarias;Aguas subterráneas;2000;11.657
Total Nacional;05 Canarias;Desalación;2022;220.776
Total Nacional;05 Canarias;Desalación;2020;146.544
Total Nacional;05 Canarias;Desalación;2018;121.346
Total Nacional;05 Canarias;Desalación;2016;128.543
Total Nacional;05 Canarias;Desalación;2014;125.386
Total Nacional;05 Canarias;Desalación;2013;98.271
Total Nacional;05 Canarias;Desalación;2012;74.736
Total Nacional;05 Canarias;Desalación;2011;103.635
Total Nacional;05 Canarias;Desalación;2010;89.535
Total Nacional;05 Canarias;Desalación;2009;69.694
Total Nacional;05 Canarias;Desalación;2008;69.589
Total Nacional;05 Canarias;Desalación;2007;84.500
Total Nacional;05 Canarias;Desalación;2006;66.991
Total Nacional;05 Canarias;Desalación;2005;71.941
Total Nacional;05 Canarias;Desalación;2004;78.051
Total Nacional;05 Canarias;Desalación;2003;70.816
Total Nacional;05 Canarias;Desalación;2002;86.031
Total Nacional;05 Canarias;Desalación;2001;72.802
Total Nacional;05 Canarias;Desalación;2000;76.835
Total Nacional;06 Cantabria;Total;2022;15.079
Total Nacional;06 Cantabria;Total;2020;41.199
Total Nacional;06 Cantabria;Total;2018;35.157
Total Nacional;06 Cantabria;Total;2016;38.358
Total Nacional;06 Cantabria;Total;2014;41.724
Total Nacional;06 Cantabria;Total;2013;40.043
Total Nacional;06 Cantabria;Total;2012;43.030
Total Nacional;06 Cantabria;Total;2011;42.131
Total Nacional;06 Cantabria;Total;2010;45.382
Total Nacional;06 Cantabria;Total;2009;50.832
Total Nacional;06 Cantabria;Total;2008;28.945
Total Nacional;06 Cantabria;Total;2007;41.944
Total Nacional;06 Cantabria;Total;2006;25.109
Total Nacional;06 Cantabria;Total;2005;65.710
Total Nacional;06 Cantabria;Total;2004;63.672
Total Nacional;06 Cantabria;Total;2003;80.176
Total Nacional;06 Cantabria;Total;2002;78.256
Total Nacional;06 Cantabria;Total;2001;76.922
Total Nacional;06 Cantabria;Total;2000;76.781
Total Nacional;06 Cantabria;Aguas superficiales;2022;11.794
Total Nacional;06 Cantabria;Aguas superficiales;2020;24.719
Total Nacional;06 Cantabria;Aguas superficiales;2018;16.898
Total Nacional;06 Cantabria;Aguas superficiales;2016;16.767
Total Nacional;06 Cantabria;Aguas superficiales;2014;36.222
Total Nacional;06 Cantabria;Aguas superficiales;2013;14.659
Total Nacional;06 Cantabria;Aguas superficiales;2012;16.445
Total Nacional;06 Cantabria;Aguas superficiales;2011;14.336
Total Nacional;06 Cantabria;Aguas superficiales;2010;8.981
Total Nacional;06 Cantabria;Aguas superficiales;2009;5.127
Total Nacional;06 Cantabria;Aguas superficiales;2008;23.662
Total Nacional;06 Cantabria;Aguas superficiales;2007;35.384
Total Nacional;06 Cantabria;Aguas superficiales;2006;23.140
Total Nacional;06 Cantabria;Aguas superficiales;2005;62.654
Total Nacional;06 Cantabria;Aguas superficiales;2004;57.437
Total Nacional;06 Cantabria;Aguas superficiales;2003;71.865
Total Nacional;06 Cantabria;Aguas superficiales;2002;74.590
Total Nacional;06 Cantabria;Aguas superficiales;2001;68.636
Total Nacional;06 Cantabria;Aguas superficiales;2000;72.531
Total Nacional;06 Cantabria;Aguas subterráneas;2022;3.285
Total Nacional;06 Cantabria;Aguas subterráneas;2020;16.480
Total Nacional;06 Cantabria;Aguas subterráneas;2018;18.259
Total Nacional;06 Cantabria;Aguas subterráneas;2016;21.591
Total Nacional;06 Cantabria;Aguas subterráneas;2014;5.502
Total Nacional;06 Cantabria;Aguas subterráneas;2013;25.384
Total Nacional;06 Cantabria;Aguas subterráneas;2012;26.585
Total Nacional;06 Cantabria;Aguas subterráneas;2011;27.795
Total Nacional;06 Cantabria;Aguas subterráneas;2010;36.401
Total Nacional;06 Cantabria;Aguas subterráneas;2009;45.705
Total Nacional;06 Cantabria;Aguas subterráneas;2008;5.283
Total Nacional;06 Cantabria;Aguas subterráneas;2007;6.560
Total Nacional;06 Cantabria;Aguas subterráneas;2006;1.969
Total Nacional;06 Cantabria;Aguas subterráneas;2005;3.056
Total Nacional;06 Cantabria;Aguas subterráneas;2004;6.235
Total Nacional;06 Cantabria;Aguas subterráneas;2003;8.311
Total Nacional;06 Cantabria;Aguas subterráneas;2002;3.666
Total Nacional;06 Cantabria;Aguas subterráneas;2001;8.286
Total Nacional;06 Cantabria;Aguas subterráneas;2000;4.250
Total Nacional;06 Cantabria;Desalación;2022;0
Total Nacional;06 Cantabria;Desalación;2020;0
Total Nacional;06 Cantabria;Desalación;2018;0
Total Nacional;06 Cantabria;Desalación;2016;0
Total Nacional;06 Cantabria;Desalación;2014;0
Total Nacional;06 Cantabria;Desalación;2013;0
Total Nacional;06 Cantabria;Desalación;2012;0
Total Nacional;06 Cantabria;Desalación;2011;0
Total Nacional;06 Cantabria;Desalación;2010;0
Total Nacional;06 Cantabria;Desalación;2009;0
Total Nacional;06 Cantabria;Desalación;2008;0
Total Nacional;06 Cantabria;Desalación;2007;0
Total Nacional;06 Cantabria;Desalación;2006;0
Total Nacional;06 Cantabria;Desalación;2005;0
Total Nacional;06 Cantabria;Desalación;2004;0
Total Nacional;06 Cantabria;Desalación;2003;0
Total Nacional;06 Cantabria;Desalación;2002;0
Total Nacional;06 Cantabria;Desalación;2001;0
Total Nacional;06 Cantabria;Desalación;2000;0
Total Nacional;07 Castilla y León;Total;2022;268.211
Total Nacional;07 Castilla y León;Total;2020;230.607
Total Nacional;07 Castilla y León;Total;2018;213.609
Total Nacional;07 Castilla y León;Total;2016;315.365
Total Nacional;07 Castilla y León;Total;2014;340.776
Total Nacional;07 Castilla y León;Total;2013;393.211
Total Nacional;07 Castilla y León;Total;2012;332.531
Total Nacional;07 Castilla y León;Total;2011;342.737
Total Nacional;07 Castilla y León;Total;2010;326.171
Total Nacional;07 Castilla y León;Total;2009;312.727
Total Nacional;07 Castilla y León;Total;2008;242.010
Total Nacional;07 Castilla y León;Total;2007;209.024
Total Nacional;07 Castilla y León;Total;2006;246.166
Total Nacional;07 Castilla y León;Total;2005;256.304
Total Nacional;07 Castilla y León;Total;2004;271.036
Total Nacional;07 Castilla y León;Total;2003;318.827
Total Nacional;07 Castilla y León;Total;2002;271.564
Total Nacional;07 Castilla y León;Total;2001;264.040
Total Nacional;07 Castilla y León;Total;2000;261.795
Total Nacional;07 Castilla y León;Aguas superficiales;2022;205.908
Total Nacional;07 Castilla y León;Aguas superficiales;2020;194.651
Total Nacional;07 Castilla y León;Aguas superficiales;2018;182.375
Total Nacional;07 Castilla y León;Aguas superficiales;2016;286.281
Total Nacional;07 Castilla y León;Aguas superficiales;2014;316.019
Total Nacional;07 Castilla y León;Aguas superficiales;2013;370.835
Total Nacional;07 Castilla y León;Aguas superficiales;2012;308.537
Total Nacional;07 Castilla y León;Aguas superficiales;2011;322.115
Total Nacional;07 Castilla y León;Aguas superficiales;2010;303.817
Total Nacional;07 Castilla y León;Aguas superficiales;2009;278.879
Total Nacional;07 Castilla y León;Aguas superficiales;2008;194.282
Total Nacional;07 Castilla y León;Aguas superficiales;2007;143.973
Total Nacional;07 Castilla y León;Aguas superficiales;2006;196.055
Total Nacional;07 Castilla y León;Aguas superficiales;2005;193.537
Total Nacional;07 Castilla y León;Aguas superficiales;2004;192.470
Total Nacional;07 Castilla y León;Aguas superficiales;2003;228.765
Total Nacional;07 Castilla y León;Aguas superficiales;2002;236.794
Total Nacional;07 Castilla y León;Aguas superficiales;2001;231.964
Total Nacional;07 Castilla y León;Aguas superficiales;2000;230.177
Total Nacional;07 Castilla y León;Aguas subterráneas;2022;62.303
Total Nacional;07 Castilla y León;Aguas subterráneas;2020;35.956
Total Nacional;07 Castilla y León;Aguas subterráneas;2018;31.234
Total Nacional;07 Castilla y León;Aguas subterráneas;2016;29.084
Total Nacional;07 Castilla y León;Aguas subterráneas;2014;24.757
Total Nacional;07 Castilla y León;Aguas subterráneas;2013;22.376
Total Nacional;07 Castilla y León;Aguas subterráneas;2012;23.994
Total Nacional;07 Castilla y León;Aguas subterráneas;2011;20.622
Total Nacional;07 Castilla y León;Aguas subterráneas;2010;22.354
Total Nacional;07 Castilla y León;Aguas subterráneas;2009;33.848
Total Nacional;07 Castilla y León;Aguas subterráneas;2008;47.728
Total Nacional;07 Castilla y León;Aguas subterráneas;2007;65.051
Total Nacional;07 Castilla y León;Aguas subterráneas;2006;50.111
Total Nacional;07 Castilla y León;Aguas subterráneas;2005;62.767
Total Nacional;07 Castilla y León;Aguas subterráneas;2004;78.566
Total Nacional;07 Castilla y León;Aguas subterráneas;2003;90.062
Total Nacional;07 Castilla y León;Aguas subterráneas;2002;34.770
Total Nacional;07 Castilla y León;Aguas subterráneas;2001;32.076
Total Nacional;07 Castilla y León;Aguas subterráneas;2000;31.618
Total Nacional;07 Castilla y León;Desalación;2022;0
Total Nacional;07 Castilla y León;Desalación;2020;0
Total Nacional;07 Castilla y León;Desalación;2018;0
Total Nacional;07 Castilla y León;Desalación;2016;0
Total Nacional;07 Castilla y León;Desalación;2014;0
Total Nacional;07 Castilla y León;Desalación;2013;0
Total Nacional;07 Castilla y León;Desalación;2012;0
Total Nacional;07 Castilla y León;Desalación;2011;0
Total Nacional;07 Castilla y León;Desalación;2010;0
Total Nacional;07 Castilla y León;Desalación;2009;0
Total Nacional;07 Castilla y León;Desalación;2008;0
Total Nacional;07 Castilla y León;Desalación;2007;0
Total Nacional;07 Castilla y León;Desalación;2006;0
Total Nacional;07 Castilla y León;Desalación;2005;0
Total Nacional;07 Castilla y León;Desalación;2004;0
Total Nacional;07 Castilla y León;Desalación;2003;0
Total Nacional;07 Castilla y León;Desalación;2002;0
Total Nacional;07 Castilla y León;Desalación;2001;0
Total Nacional;07 Castilla y León;Desalación;2000;0
Total Nacional;08 Castilla - La Mancha;Total;2022;202.045
Total Nacional;08 Castilla - La Mancha;Total;2020;131.445
Total Nacional;08 Castilla - La Mancha;Total;2018;138.189
Total Nacional;08 Castilla - La Mancha;Total;2016;102.584
Total Nacional;08 Castilla - La Mancha;Total;2014;138.146
Total Nacional;08 Castilla - La Mancha;Total;2013;147.903
Total Nacional;08 Castilla - La Mancha;Total;2012;135.389
Total Nacional;08 Castilla - La Mancha;Total;2011;147.780
Total Nacional;08 Castilla - La Mancha;Total;2010;188.302
Total Nacional;08 Castilla - La Mancha;Total;2009;228.535
Total Nacional;08 Castilla - La Mancha;Total;2008;201.899
Total Nacional;08 Castilla - La Mancha;Total;2007;202.008
Total Nacional;08 Castilla - La Mancha;Total;2006;196.514
Total Nacional;08 Castilla - La Mancha;Total;2005;203.566
Total Nacional;08 Castilla - La Mancha;Total;2004;204.371
Total Nacional;08 Castilla - La Mancha;Total;2003;210.704
Total Nacional;08 Castilla - La Mancha;Total;2002;162.963
Total Nacional;08 Castilla - La Mancha;Total;2001;194.800
Total Nacional;08 Castilla - La Mancha;Total;2000;209.151
Total Nacional;08 Castilla - La Mancha;Aguas superficiales;2022;106.383
Total Nacional;08 Castilla - La Mancha;Aguas superficiales;2020;77.013
Total Nacional;08 Castilla - La Mancha;Aguas superficiales;2018;68.288
Total Nacional;08 Castilla - La Mancha;Aguas superficiales;2016;40.486
Total Nacional;08 Castilla - La Mancha;Aguas superficiales;2014;60.636
Total Nacional;08 Castilla - La Mancha;Aguas superficiales;2013;64.646
Total Nacional;08 Castilla - La Mancha;Aguas superficiales;2012;67.674
Total Nacional;08 Castilla - La Mancha;Aguas superficiales;2011;87.672
Total Nacional;08 Castilla - La Mancha;Aguas superficiales;2010;112.459
Total Nacional;08 Castilla - La Mancha;Aguas superficiales;2009;117.433
Total Nacional;08 Castilla - La Mancha;Aguas superficiales;2008;115.493
Total Nacional;08 Castilla - La Mancha;Aguas superficiales;2007;120.451
Total Nacional;08 Castilla - La Mancha;Aguas superficiales;2006;113.307
Total Nacional;08 Castilla - La Mancha;Aguas superficiales;2005;122.919
Total Nacional;08 Castilla - La Mancha;Aguas superficiales;2004;111.597
Total Nacional;08 Castilla - La Mancha;Aguas superficiales;2003;122.267
Total Nacional;08 Castilla - La Mancha;Aguas superficiales;2002;108.212
Total Nacional;08 Castilla - La Mancha;Aguas superficiales;2001;137.215
Total Nacional;08 Castilla - La Mancha;Aguas superficiales;2000;160.469
Total Nacional;08 Castilla - La Mancha;Aguas subterráneas;2022;95.661
Total Nacional;08 Castilla - La Mancha;Aguas subterráneas;2020;54.432
Total Nacional;08 Castilla - La Mancha;Aguas subterráneas;2018;69.901
Total Nacional;08 Castilla - La Mancha;Aguas subterráneas;2016;62.098
Total Nacional;08 Castilla - La Mancha;Aguas subterráneas;2014;77.510
Total Nacional;08 Castilla - La Mancha;Aguas subterráneas;2013;83.257
Total Nacional;08 Castilla - La Mancha;Aguas subterráneas;2012;67.715
Total Nacional;08 Castilla - La Mancha;Aguas subterráneas;2011;60.108
Total Nacional;08 Castilla - La Mancha;Aguas subterráneas;2010;75.843
Total Nacional;08 Castilla - La Mancha;Aguas subterráneas;2009;111.102
Total Nacional;08 Castilla - La Mancha;Aguas subterráneas;2008;86.406
Total Nacional;08 Castilla - La Mancha;Aguas subterráneas;2007;81.557
Total Nacional;08 Castilla - La Mancha;Aguas subterráneas;2006;83.207
Total Nacional;08 Castilla - La Mancha;Aguas subterráneas;2005;80.647
Total Nacional;08 Castilla - La Mancha;Aguas subterráneas;2004;92.774
Total Nacional;08 Castilla - La Mancha;Aguas subterráneas;2003;88.437
Total Nacional;08 Castilla - La Mancha;Aguas subterráneas;2002;54.751
Total Nacional;08 Castilla - La Mancha;Aguas subterráneas;2001;57.585
Total Nacional;08 Castilla - La Mancha;Aguas subterráneas;2000;48.682
Total Nacional;08 Castilla - La Mancha;Desalación;2022;0
Total Nacional;08 Castilla - La Mancha;Desalación;2020;0
Total Nacional;08 Castilla - La Mancha;Desalación;2018;0
Total Nacional;08 Castilla - La Mancha;Desalación;2016;0
Total Nacional;08 Castilla - La Mancha;Desalación;2014;0
Total Nacional;08 Castilla - La Mancha;Desalación;2013;0
Total Nacional;08 Castilla - La Mancha;Desalación;2012;0
Total Nacional;08 Castilla - La Mancha;Desalación;2011;0
Total Nacional;08 Castilla - La Mancha;Desalación;2010;0
Total Nacional;08 Castilla - La Mancha;Desalación;2009;0
Total Nacional;08 Castilla - La Mancha;Desalación;2008;0
Total Nacional;08 Castilla - La Mancha;Desalación;2007;0
Total Nacional;08 Castilla - La Mancha;Desalación;2006;0
Total Nacional;08 Castilla - La Mancha;Desalación;2005;0
Total Nacional;08 Castilla - La Mancha;Desalación;2004;0
Total Nacional;08 Castilla - La Mancha;Desalación;2003;0
Total Nacional;08 Castilla - La Mancha;Desalación;2002;0
Total Nacional;08 Castilla - La Mancha;Desalación;2001;0
Total Nacional;08 Castilla - La Mancha;Desalación;2000;0
Total Nacional;09 Cataluña;Total;2022;310.693
Total Nacional;09 Cataluña;Total;2020;338.873
Total Nacional;09 Cataluña;Total;2018;342.028
Total Nacional;09 Cataluña;Total;2016;349.615
Total Nacional;09 Cataluña;Total;2014;337.839
Total Nacional;09 Cataluña;Total;2013;361.223
Total Nacional;09 Cataluña;Total;2012;374.318
Total Nacional;09 Cataluña;Total;2011;349.767
Total Nacional;09 Cataluña;Total;2010;363.331
Total Nacional;09 Cataluña;Total;2009;333.537
Total Nacional;09 Cataluña;Total;2008;359.880
Total Nacional;09 Cataluña;Total;2007;379.267
Total Nacional;09 Cataluña;Total;2006;469.113
Total Nacional;09 Cataluña;Total;2005;408.721
Total Nacional;09 Cataluña;Total;2004;441.987
Total Nacional;09 Cataluña;Total;2003;459.409
Total Nacional;09 Cataluña;Total;2002;535.523
Total Nacional;09 Cataluña;Total;2001;586.560
Total Nacional;09 Cataluña;Total;2000;592.703
Total Nacional;09 Cataluña;Aguas superficiales;2022;134.234
Total Nacional;09 Cataluña;Aguas superficiales;2020;150.458
Total Nacional;09 Cataluña;Aguas superficiales;2018;150.866
Total Nacional;09 Cataluña;Aguas superficiales;2016;156.219
Total Nacional;09 Cataluña;Aguas superficiales;2014;145.636
Total Nacional;09 Cataluña;Aguas superficiales;2013;139.797
Total Nacional;09 Cataluña;Aguas superficiales;2012;154.852
Total Nacional;09 Cataluña;Aguas superficiales;2011;168.635
Total Nacional;09 Cataluña;Aguas superficiales;2010;168.516
Total Nacional;09 Cataluña;Aguas superficiales;2009;155.717
Total Nacional;09 Cataluña;Aguas superficiales;2008;175.702
Total Nacional;09 Cataluña;Aguas superficiales;2007;175.558
Total Nacional;09 Cataluña;Aguas superficiales;2006;213.547
Total Nacional;09 Cataluña;Aguas superficiales;2005;209.710
Total Nacional;09 Cataluña;Aguas superficiales;2004;305.779
Total Nacional;09 Cataluña;Aguas superficiales;2003;245.772
Total Nacional;09 Cataluña;Aguas superficiales;2002;347.936
Total Nacional;09 Cataluña;Aguas superficiales;2001;388.864
Total Nacional;09 Cataluña;Aguas superficiales;2000;377.725
Total Nacional;09 Cataluña;Aguas subterráneas;2022;176.459
Total Nacional;09 Cataluña;Aguas subterráneas;2020;188.415
Total Nacional;09 Cataluña;Aguas subterráneas;2018;191.162
Total Nacional;09 Cataluña;Aguas subterráneas;2016;193.396
Total Nacional;09 Cataluña;Aguas subterráneas;2014;192.203
Total Nacional;09 Cataluña;Aguas subterráneas;2013;221.426
Total Nacional;09 Cataluña;Aguas subterráneas;2012;219.466
Total Nacional;09 Cataluña;Aguas subterráneas;2011;181.132
Total Nacional;09 Cataluña;Aguas subterráneas;2010;194.815
Total Nacional;09 Cataluña;Aguas subterráneas;2009;177.820
Total Nacional;09 Cataluña;Aguas subterráneas;2008;184.178
Total Nacional;09 Cataluña;Aguas subterráneas;2007;202.548
Total Nacional;09 Cataluña;Aguas subterráneas;2006;253.653
Total Nacional;09 Cataluña;Aguas subterráneas;2005;192.098
Total Nacional;09 Cataluña;Aguas subterráneas;2004;136.208
Total Nacional;09 Cataluña;Aguas subterráneas;2003;213.637
Total Nacional;09 Cataluña;Aguas subterráneas;2002;187.587
Total Nacional;09 Cataluña;Aguas subterráneas;2001;197.696
Total Nacional;09 Cataluña;Aguas subterráneas;2000;214.978
Total Nacional;09 Cataluña;Desalación;2022;0
Total Nacional;09 Cataluña;Desalación;2020;0
Total Nacional;09 Cataluña;Desalación;2018;0
Total Nacional;09 Cataluña;Desalación;2016;0
Total Nacional;09 Cataluña;Desalación;2014;0
Total Nacional;09 Cataluña;Desalación;2013;0
Total Nacional;09 Cataluña;Desalación;2012;0
Total Nacional;09 Cataluña;Desalación;2011;0
Total Nacional;09 Cataluña;Desalación;2010;0
Total Nacional;09 Cataluña;Desalación;2009;0
Total Nacional;09 Cataluña;Desalación;2008;0
Total Nacional;09 Cataluña;Desalación;2007;1.161
Total Nacional;09 Cataluña;Desalación;2006;1.913
Total Nacional;09 Cataluña;Desalación;2005;6.913
Total Nacional;09 Cataluña;Desalación;2004;0
Total Nacional;09 Cataluña;Desalación;2003;0
Total Nacional;09 Cataluña;Desalación;2002;0
Total Nacional;09 Cataluña;Desalación;2001;0
Total Nacional;09 Cataluña;Desalación;2000;0
Total Nacional;10 Comunitat Valenciana;Total;2022;283.485
Total Nacional;10 Comunitat Valenciana;Total;2020;350.462
Total Nacional;10 Comunitat Valenciana;Total;2018;357.494
Total Nacional;10 Comunitat Valenciana;Total;2016;429.249
Total Nacional;10 Comunitat Valenciana;Total;2014;309.838
Total Nacional;10 Comunitat Valenciana;Total;2013;311.943
Total Nacional;10 Comunitat Valenciana;Total;2012;295.133
Total Nacional;10 Comunitat Valenciana;Total;2011;291.395
Total Nacional;10 Comunitat Valenciana;Total;2010;432.398
Total Nacional;10 Comunitat Valenciana;Total;2009;457.767
Total Nacional;10 Comunitat Valenciana;Total;2008;566.963
Total Nacional;10 Comunitat Valenciana;Total;2007;511.297
Total Nacional;10 Comunitat Valenciana;Total;2006;444.084
Total Nacional;10 Comunitat Valenciana;Total;2005;376.879
Total Nacional;10 Comunitat Valenciana;Total;2004;422.698
Total Nacional;10 Comunitat Valenciana;Total;2003;488.781
Total Nacional;10 Comunitat Valenciana;Total;2002;447.854
Total Nacional;10 Comunitat Valenciana;Total;2001;445.714
Total Nacional;10 Comunitat Valenciana;Total;2000;462.956
Total Nacional;10 Comunitat Valenciana;Aguas superficiales;2022;122.200
Total Nacional;10 Comunitat Valenciana;Aguas superficiales;2020;117.962
Total Nacional;10 Comunitat Valenciana;Aguas superficiales;2018;105.341
Total Nacional;10 Comunitat Valenciana;Aguas superficiales;2016;176.516
Total Nacional;10 Comunitat Valenciana;Aguas superficiales;2014;48.342
Total Nacional;10 Comunitat Valenciana;Aguas superficiales;2013;110.051
Total Nacional;10 Comunitat Valenciana;Aguas superficiales;2012;76.617
Total Nacional;10 Comunitat Valenciana;Aguas superficiales;2011;15.345
Total Nacional;10 Comunitat Valenciana;Aguas superficiales;2010;88.598
Total Nacional;10 Comunitat Valenciana;Aguas superficiales;2009;89.452
Total Nacional;10 Comunitat Valenciana;Aguas superficiales;2008;102.082
Total Nacional;10 Comunitat Valenciana;Aguas superficiales;2007;86.929
Total Nacional;10 Comunitat Valenciana;Aguas superficiales;2006;159.566
Total Nacional;10 Comunitat Valenciana;Aguas superficiales;2005;157.380
Total Nacional;10 Comunitat Valenciana;Aguas superficiales;2004;135.494
Total Nacional;10 Comunitat Valenciana;Aguas superficiales;2003;174.120
Total Nacional;10 Comunitat Valenciana;Aguas superficiales;2002;256.982
Total Nacional;10 Comunitat Valenciana;Aguas superficiales;2001;200.258
Total Nacional;10 Comunitat Valenciana;Aguas superficiales;2000;200.492
Total Nacional;10 Comunitat Valenciana;Aguas subterráneas;2022;116.198
Total Nacional;10 Comunitat Valenciana;Aguas subterráneas;2020;221.006
Total Nacional;10 Comunitat Valenciana;Aguas subterráneas;2018;248.997
Total Nacional;10 Comunitat Valenciana;Aguas subterráneas;2016;247.026
Total Nacional;10 Comunitat Valenciana;Aguas subterráneas;2014;257.471
Total Nacional;10 Comunitat Valenciana;Aguas subterráneas;2013;199.430
Total Nacional;10 Comunitat Valenciana;Aguas subterráneas;2012;212.993
Total Nacional;10 Comunitat Valenciana;Aguas subterráneas;2011;275.878
Total Nacional;10 Comunitat Valenciana;Aguas subterráneas;2010;343.725
Total Nacional;10 Comunitat Valenciana;Aguas subterráneas;2009;368.130
Total Nacional;10 Comunitat Valenciana;Aguas subterráneas;2008;454.705
Total Nacional;10 Comunitat Valenciana;Aguas subterráneas;2007;410.129
Total Nacional;10 Comunitat Valenciana;Aguas subterráneas;2006;268.277
Total Nacional;10 Comunitat Valenciana;Aguas subterráneas;2005;200.605
Total Nacional;10 Comunitat Valenciana;Aguas subterráneas;2004;268.077
Total Nacional;10 Comunitat Valenciana;Aguas subterráneas;2003;292.001
Total Nacional;10 Comunitat Valenciana;Aguas subterráneas;2002;186.471
Total Nacional;10 Comunitat Valenciana;Aguas subterráneas;2001;244.213
Total Nacional;10 Comunitat Valenciana;Aguas subterráneas;2000;261.772
Total Nacional;10 Comunitat Valenciana;Desalación;2022;45.087
Total Nacional;10 Comunitat Valenciana;Desalación;2020;11.494
Total Nacional;10 Comunitat Valenciana;Desalación;2018;3.156
Total Nacional;10 Comunitat Valenciana;Desalación;2016;5.707
Total Nacional;10 Comunitat Valenciana;Desalación;2014;4.025
Total Nacional;10 Comunitat Valenciana;Desalación;2013;2.462
Total Nacional;10 Comunitat Valenciana;Desalación;2012;5.523
Total Nacional;10 Comunitat Valenciana;Desalación;2011;172
Total Nacional;10 Comunitat Valenciana;Desalación;2010;75
Total Nacional;10 Comunitat Valenciana;Desalación;2009;185
Total Nacional;10 Comunitat Valenciana;Desalación;2008;10.176
Total Nacional;10 Comunitat Valenciana;Desalación;2007;14.239
Total Nacional;10 Comunitat Valenciana;Desalación;2006;16.241
Total Nacional;10 Comunitat Valenciana;Desalación;2005;18.894
Total Nacional;10 Comunitat Valenciana;Desalación;2004;19.127
Total Nacional;10 Comunitat Valenciana;Desalación;2003;22.660
Total Nacional;10 Comunitat Valenciana;Desalación;2002;4.401
Total Nacional;10 Comunitat Valenciana;Desalación;2001;1.243
Total Nacional;10 Comunitat Valenciana;Desalación;2000;692
Total Nacional;11 Extremadura;Total;2022;34.358
Total Nacional;11 Extremadura;Total;2020;55.130
Total Nacional;11 Extremadura;Total;2018;41.486
Total Nacional;11 Extremadura;Total;2016;48.979
Total Nacional;11 Extremadura;Total;2014;91.032
Total Nacional;11 Extremadura;Total;2013;94.318
Total Nacional;11 Extremadura;Total;2012;87.525
Total Nacional;11 Extremadura;Total;2011;85.477
Total Nacional;11 Extremadura;Total;2010;94.241
Total Nacional;11 Extremadura;Total;2009;99.202
Total Nacional;11 Extremadura;Total;2008;142.113
Total Nacional;11 Extremadura;Total;2007;150.332
Total Nacional;11 Extremadura;Total;2006;150.372
Total Nacional;11 Extremadura;Total;2005;159.294
Total Nacional;11 Extremadura;Total;2004;155.002
Total Nacional;11 Extremadura;Total;2003;86.199
Total Nacional;11 Extremadura;Total;2002;101.186
Total Nacional;11 Extremadura;Total;2001;120.736
Total Nacional;11 Extremadura;Total;2000;132.168
Total Nacional;11 Extremadura;Aguas superficiales;2022;30.071
Total Nacional;11 Extremadura;Aguas superficiales;2020;49.717
Total Nacional;11 Extremadura;Aguas superficiales;2018;34.603
Total Nacional;11 Extremadura;Aguas superficiales;2016;44.557
Total Nacional;11 Extremadura;Aguas superficiales;2014;83.507
Total Nacional;11 Extremadura;Aguas superficiales;2013;78.191
Total Nacional;11 Extremadura;Aguas superficiales;2012;80.535
Total Nacional;11 Extremadura;Aguas superficiales;2011;75.062
Total Nacional;11 Extremadura;Aguas superficiales;2010;87.195
Total Nacional;11 Extremadura;Aguas superficiales;2009;97.373
Total Nacional;11 Extremadura;Aguas superficiales;2008;141.059
Total Nacional;11 Extremadura;Aguas superficiales;2007;141.535
Total Nacional;11 Extremadura;Aguas superficiales;2006;140.453
Total Nacional;11 Extremadura;Aguas superficiales;2005;149.820
Total Nacional;11 Extremadura;Aguas superficiales;2004;130.441
Total Nacional;11 Extremadura;Aguas superficiales;2003;65.072
Total Nacional;11 Extremadura;Aguas superficiales;2002;70.718
Total Nacional;11 Extremadura;Aguas superficiales;2001;79.729
Total Nacional;11 Extremadura;Aguas superficiales;2000;118.573
Total Nacional;11 Extremadura;Aguas subterráneas;2022;4.287
Total Nacional;11 Extremadura;Aguas subterráneas;2020;5.413
Total Nacional;11 Extremadura;Aguas subterráneas;2018;6.883
Total Nacional;11 Extremadura;Aguas subterráneas;2016;4.422
Total Nacional;11 Extremadura;Aguas subterráneas;2014;7.525
Total Nacional;11 Extremadura;Aguas subterráneas;2013;16.127
Total Nacional;11 Extremadura;Aguas subterráneas;2012;6.990
Total Nacional;11 Extremadura;Aguas subterráneas;2011;10.415
Total Nacional;11 Extremadura;Aguas subterráneas;2010;7.046
Total Nacional;11 Extremadura;Aguas subterráneas;2009;1.829
Total Nacional;11 Extremadura;Aguas subterráneas;2008;1.054
Total Nacional;11 Extremadura;Aguas subterráneas;2007;8.797
Total Nacional;11 Extremadura;Aguas subterráneas;2006;9.919
Total Nacional;11 Extremadura;Aguas subterráneas;2005;9.474
Total Nacional;11 Extremadura;Aguas subterráneas;2004;24.561
Total Nacional;11 Extremadura;Aguas subterráneas;2003;21.127
Total Nacional;11 Extremadura;Aguas subterráneas;2002;30.468
Total Nacional;11 Extremadura;Aguas subterráneas;2001;41.007
Total Nacional;11 Extremadura;Aguas subterráneas;2000;13.595
Total Nacional;11 Extremadura;Desalación;2022;0
Total Nacional;11 Extremadura;Desalación;2020;0
Total Nacional;11 Extremadura;Desalación;2018;0
Total Nacional;11 Extremadura;Desalación;2016;0
Total Nacional;11 Extremadura;Desalación;2014;0
Total Nacional;11 Extremadura;Desalación;2013;0
Total Nacional;11 Extremadura;Desalación;2012;0
Total Nacional;11 Extremadura;Desalación;2011;0
Total Nacional;11 Extremadura;Desalación;2010;0
Total Nacional;11 Extremadura;Desalación;2009;0
Total Nacional;11 Extremadura;Desalación;2008;0
Total Nacional;11 Extremadura;Desalación;2007;0
Total Nacional;11 Extremadura;Desalación;2006;0
Total Nacional;11 Extremadura;Desalación;2005;0
Total Nacional;11 Extremadura;Desalación;2004;0
Total Nacional;11 Extremadura;Desalación;2003;0
Total Nacional;11 Extremadura;Desalación;2002;0
Total Nacional;11 Extremadura;Desalación;2001;0
Total Nacional;11 Extremadura;Desalación;2000;0
Total Nacional;12 Galicia;Total;2022;341.648
Total Nacional;12 Galicia;Total;2020;242.372
Total Nacional;12 Galicia;Total;2018;231.353
Total Nacional;12 Galicia;Total;2016;257.881
Total Nacional;12 Galicia;Total;2014;281.447
Total Nacional;12 Galicia;Total;2013;282.643
Total Nacional;12 Galicia;Total;2012;282.964
Total Nacional;12 Galicia;Total;2011;259.478
Total Nacional;12 Galicia;Total;2010;272.322
Total Nacional;12 Galicia;Total;2009;267.991
Total Nacional;12 Galicia;Total;2008;261.077
Total Nacional;12 Galicia;Total;2007;255.990
Total Nacional;12 Galicia;Total;2006;250.852
Total Nacional;12 Galicia;Total;2005;264.953
Total Nacional;12 Galicia;Total;2004;295.526
Total Nacional;12 Galicia;Total;2003;307.761
Total Nacional;12 Galicia;Total;2002;305.066
Total Nacional;12 Galicia;Total;2001;301.919
Total Nacional;12 Galicia;Total;2000;299.400
Total Nacional;12 Galicia;Aguas superficiales;2022;312.286
Total Nacional;12 Galicia;Aguas superficiales;2020;224.893
Total Nacional;12 Galicia;Aguas superficiales;2018;213.094
Total Nacional;12 Galicia;Aguas superficiales;2016;246.670
Total Nacional;12 Galicia;Aguas superficiales;2014;261.276
Total Nacional;12 Galicia;Aguas superficiales;2013;252.137
Total Nacional;12 Galicia;Aguas superficiales;2012;258.293
Total Nacional;12 Galicia;Aguas superficiales;2011;247.530
Total Nacional;12 Galicia;Aguas superficiales;2010;267.145
Total Nacional;12 Galicia;Aguas superficiales;2009;259.922
Total Nacional;12 Galicia;Aguas superficiales;2008;249.137
Total Nacional;12 Galicia;Aguas superficiales;2007;239.968
Total Nacional;12 Galicia;Aguas superficiales;2006;214.073
Total Nacional;12 Galicia;Aguas superficiales;2005;253.074
Total Nacional;12 Galicia;Aguas superficiales;2004;264.912
Total Nacional;12 Galicia;Aguas superficiales;2003;235.155
Total Nacional;12 Galicia;Aguas superficiales;2002;254.819
Total Nacional;12 Galicia;Aguas superficiales;2001;272.159
Total Nacional;12 Galicia;Aguas superficiales;2000;264.733
Total Nacional;12 Galicia;Aguas subterráneas;2022;29.361
Total Nacional;12 Galicia;Aguas subterráneas;2020;17.479
Total Nacional;12 Galicia;Aguas subterráneas;2018;18.259
Total Nacional;12 Galicia;Aguas subterráneas;2016;11.211
Total Nacional;12 Galicia;Aguas subterráneas;2014;20.171
Total Nacional;12 Galicia;Aguas subterráneas;2013;30.506
Total Nacional;12 Galicia;Aguas subterráneas;2012;24.671
Total Nacional;12 Galicia;Aguas subterráneas;2011;11.948
Total Nacional;12 Galicia;Aguas subterráneas;2010;5.177
Total Nacional;12 Galicia;Aguas subterráneas;2009;8.069
Total Nacional;12 Galicia;Aguas subterráneas;2008;11.940
Total Nacional;12 Galicia;Aguas subterráneas;2007;16.022
Total Nacional;12 Galicia;Aguas subterráneas;2006;36.779
Total Nacional;12 Galicia;Aguas subterráneas;2005;11.879
Total Nacional;12 Galicia;Aguas subterráneas;2004;30.614
Total Nacional;12 Galicia;Aguas subterráneas;2003;72.606
Total Nacional;12 Galicia;Aguas subterráneas;2002;50.247
Total Nacional;12 Galicia;Aguas subterráneas;2001;29.760
Total Nacional;12 Galicia;Aguas subterráneas;2000;34.667
Total Nacional;12 Galicia;Desalación;2022;0
Total Nacional;12 Galicia;Desalación;2020;0
Total Nacional;12 Galicia;Desalación;2018;0
Total Nacional;12 Galicia;Desalación;2016;0
Total Nacional;12 Galicia;Desalación;2014;0
Total Nacional;12 Galicia;Desalación;2013;0
Total Nacional;12 Galicia;Desalación;2012;0
Total Nacional;12 Galicia;Desalación;2011;0
Total Nacional;12 Galicia;Desalación;2010;0
Total Nacional;12 Galicia;Desalación;2009;0
Total Nacional;12 Galicia;Desalación;2008;0
Total Nacional;12 Galicia;Desalación;2007;0
Total Nacional;12 Galicia;Desalación;2006;0
Total Nacional;12 Galicia;Desalación;2005;0
Total Nacional;12 Galicia;Desalación;2004;0
Total Nacional;12 Galicia;Desalación;2003;0
Total Nacional;12 Galicia;Desalación;2002;0
Total Nacional;12 Galicia;Desalación;2001;0
Total Nacional;12 Galicia;Desalación;2000;0
Total Nacional;13 Madrid, Comunidad de;Total;2022;496.965
Total Nacional;13 Madrid, Comunidad de;Total;2020;491.489
Total Nacional;13 Madrid, Comunidad de;Total;2018;479.871
Total Nacional;13 Madrid, Comunidad de;Total;2016;488.107
Total Nacional;13 Madrid, Comunidad de;Total;2014;497.023
Total Nacional;13 Madrid, Comunidad de;Total;2013;499.229
Total Nacional;13 Madrid, Comunidad de;Total;2012;529.064
Total Nacional;13 Madrid, Comunidad de;Total;2011;554.955
Total Nacional;13 Madrid, Comunidad de;Total;2010;538.918
Total Nacional;13 Madrid, Comunidad de;Total;2009;558.961
Total Nacional;13 Madrid, Comunidad de;Total;2008;561.008
Total Nacional;13 Madrid, Comunidad de;Total;2007;573.471
Total Nacional;13 Madrid, Comunidad de;Total;2006;636.492
Total Nacional;13 Madrid, Comunidad de;Total;2005;650.420
Total Nacional;13 Madrid, Comunidad de;Total;2004;662.176
Total Nacional;13 Madrid, Comunidad de;Total;2003;670.955
Total Nacional;13 Madrid, Comunidad de;Total;2002;621.029
Total Nacional;13 Madrid, Comunidad de;Total;2001;630.208
Total Nacional;13 Madrid, Comunidad de;Total;2000;605.600
Total Nacional;13 Madrid, Comunidad de;Aguas superficiales;2022;494.301
Total Nacional;13 Madrid, Comunidad de;Aguas superficiales;2020;488.536
Total Nacional;13 Madrid, Comunidad de;Aguas superficiales;2018;478.792
Total Nacional;13 Madrid, Comunidad de;Aguas superficiales;2016;481.503
Total Nacional;13 Madrid, Comunidad de;Aguas superficiales;2014;488.737
Total Nacional;13 Madrid, Comunidad de;Aguas superficiales;2013;483.435
Total Nacional;13 Madrid, Comunidad de;Aguas superficiales;2012;510.832
Total Nacional;13 Madrid, Comunidad de;Aguas superficiales;2011;542.987
Total Nacional;13 Madrid, Comunidad de;Aguas superficiales;2010;519.698
Total Nacional;13 Madrid, Comunidad de;Aguas superficiales;2009;553.374
Total Nacional;13 Madrid, Comunidad de;Aguas superficiales;2008;546.712
Total Nacional;13 Madrid, Comunidad de;Aguas superficiales;2007;554.568
Total Nacional;13 Madrid, Comunidad de;Aguas superficiales;2006;489.790
Total Nacional;13 Madrid, Comunidad de;Aguas superficiales;2005;583.340
Total Nacional;13 Madrid, Comunidad de;Aguas superficiales;2004;622.810
Total Nacional;13 Madrid, Comunidad de;Aguas superficiales;2003;650.312
Total Nacional;13 Madrid, Comunidad de;Aguas superficiales;2002;561.410
Total Nacional;13 Madrid, Comunidad de;Aguas superficiales;2001;622.459
Total Nacional;13 Madrid, Comunidad de;Aguas superficiales;2000;570.341
Total Nacional;13 Madrid, Comunidad de;Aguas subterráneas;2022;2.663
Total Nacional;13 Madrid, Comunidad de;Aguas subterráneas;2020;2.953
Total Nacional;13 Madrid, Comunidad de;Aguas subterráneas;2018;1.079
Total Nacional;13 Madrid, Comunidad de;Aguas subterráneas;2016;6.604
Total Nacional;13 Madrid, Comunidad de;Aguas subterráneas;2014;8.286
Total Nacional;13 Madrid, Comunidad de;Aguas subterráneas;2013;15.794
Total Nacional;13 Madrid, Comunidad de;Aguas subterráneas;2012;18.232
Total Nacional;13 Madrid, Comunidad de;Aguas subterráneas;2011;11.968
Total Nacional;13 Madrid, Comunidad de;Aguas subterráneas;2010;19.220
Total Nacional;13 Madrid, Comunidad de;Aguas subterráneas;2009;5.587
Total Nacional;13 Madrid, Comunidad de;Aguas subterráneas;2008;14.296
Total Nacional;13 Madrid, Comunidad de;Aguas subterráneas;2007;18.903
Total Nacional;13 Madrid, Comunidad de;Aguas subterráneas;2006;146.702
Total Nacional;13 Madrid, Comunidad de;Aguas subterráneas;2005;67.080
Total Nacional;13 Madrid, Comunidad de;Aguas subterráneas;2004;39.366
Total Nacional;13 Madrid, Comunidad de;Aguas subterráneas;2003;20.643
Total Nacional;13 Madrid, Comunidad de;Aguas subterráneas;2002;59.619
Total Nacional;13 Madrid, Comunidad de;Aguas subterráneas;2001;7.749
Total Nacional;13 Madrid, Comunidad de;Aguas subterráneas;2000;35.259
Total Nacional;13 Madrid, Comunidad de;Desalación;2022;0
Total Nacional;13 Madrid, Comunidad de;Desalación;2020;0
Total Nacional;13 Madrid, Comunidad de;Desalación;2018;0
Total Nacional;13 Madrid, Comunidad de;Desalación;2016;0
Total Nacional;13 Madrid, Comunidad de;Desalación;2014;0
Total Nacional;13 Madrid, Comunidad de;Desalación;2013;0
Total Nacional;13 Madrid, Comunidad de;Desalación;2012;0
Total Nacional;13 Madrid, Comunidad de;Desalación;2011;0
Total Nacional;13 Madrid, Comunidad de;Desalación;2010;0
Total Nacional;13 Madrid, Comunidad de;Desalación;2009;0
Total Nacional;13 Madrid, Comunidad de;Desalación;2008;0
Total Nacional;13 Madrid, Comunidad de;Desalación;2007;0
Total Nacional;13 Madrid, Comunidad de;Desalación;2006;0
Total Nacional;13 Madrid, Comunidad de;Desalación;2005;0
Total Nacional;13 Madrid, Comunidad de;Desalación;2004;0
Total Nacional;13 Madrid, Comunidad de;Desalación;2003;0
Total Nacional;13 Madrid, Comunidad de;Desalación;2002;0
Total Nacional;13 Madrid, Comunidad de;Desalación;2001;0
Total Nacional;13 Madrid, Comunidad de;Desalación;2000;0
Total Nacional;14 Murcia, Región de;Total;2022;16.854
Total Nacional;14 Murcia, Región de;Total;2020;14.123
Total Nacional;14 Murcia, Región de;Total;2018;15.440
Total Nacional;14 Murcia, Región de;Total;2016;14.608
Total Nacional;14 Murcia, Región de;Total;2014;12.675
Total Nacional;14 Murcia, Región de;Total;2013;11.979
Total Nacional;14 Murcia, Región de;Total;2012;10.472
Total Nacional;14 Murcia, Región de;Total;2011;15.532
Total Nacional;14 Murcia, Región de;Total;2010;17.215
Total Nacional;14 Murcia, Región de;Total;2009;17.512
Total Nacional;14 Murcia, Región de;Total;2008;31.953
Total Nacional;14 Murcia, Región de;Total;2007;75.874
Total Nacional;14 Murcia, Región de;Total;2006;35.562
Total Nacional;14 Murcia, Región de;Total;2005;43.133
Total Nacional;14 Murcia, Región de;Total;2004;52.933
Total Nacional;14 Murcia, Región de;Total;2003;62.867
Total Nacional;14 Murcia, Región de;Total;2002;64.329
Total Nacional;14 Murcia, Región de;Total;2001;77.316
Total Nacional;14 Murcia, Región de;Total;2000;43.880
Total Nacional;14 Murcia, Región de;Aguas superficiales;2022;8.372
Total Nacional;14 Murcia, Región de;Aguas superficiales;2020;6.310
Total Nacional;14 Murcia, Región de;Aguas superficiales;2018;7.128
Total Nacional;14 Murcia, Región de;Aguas superficiales;2016;7.711
Total Nacional;14 Murcia, Región de;Aguas superficiales;2014;4.379
Total Nacional;14 Murcia, Región de;Aguas superficiales;2013;3.237
Total Nacional;14 Murcia, Región de;Aguas superficiales;2012;3.015
Total Nacional;14 Murcia, Región de;Aguas superficiales;2011;12.145
Total Nacional;14 Murcia, Región de;Aguas superficiales;2010;14.117
Total Nacional;14 Murcia, Región de;Aguas superficiales;2009;11.861
Total Nacional;14 Murcia, Región de;Aguas superficiales;2008;26.375
Total Nacional;14 Murcia, Región de;Aguas superficiales;2007;69.709
Total Nacional;14 Murcia, Región de;Aguas superficiales;2006;27.967
Total Nacional;14 Murcia, Región de;Aguas superficiales;2005;33.308
Total Nacional;14 Murcia, Región de;Aguas superficiales;2004;39.683
Total Nacional;14 Murcia, Región de;Aguas superficiales;2003;45.165
Total Nacional;14 Murcia, Región de;Aguas superficiales;2002;50.258
Total Nacional;14 Murcia, Región de;Aguas superficiales;2001;56.327
Total Nacional;14 Murcia, Región de;Aguas superficiales;2000;30.594
Total Nacional;14 Murcia, Región de;Aguas subterráneas;2022;3.118
Total Nacional;14 Murcia, Región de;Aguas subterráneas;2020;7.813
Total Nacional;14 Murcia, Región de;Aguas subterráneas;2018;8.312
Total Nacional;14 Murcia, Región de;Aguas subterráneas;2016;6.897
Total Nacional;14 Murcia, Región de;Aguas subterráneas;2014;8.296
Total Nacional;14 Murcia, Región de;Aguas subterráneas;2013;8.742
Total Nacional;14 Murcia, Región de;Aguas subterráneas;2012;7.457
Total Nacional;14 Murcia, Región de;Aguas subterráneas;2011;3.387
Total Nacional;14 Murcia, Región de;Aguas subterráneas;2010;3.098
Total Nacional;14 Murcia, Región de;Aguas subterráneas;2009;5.651
Total Nacional;14 Murcia, Región de;Aguas subterráneas;2008;5.578
Total Nacional;14 Murcia, Región de;Aguas subterráneas;2007;6.165
Total Nacional;14 Murcia, Región de;Aguas subterráneas;2006;7.595
Total Nacional;14 Murcia, Región de;Aguas subterráneas;2005;9.825
Total Nacional;14 Murcia, Región de;Aguas subterráneas;2004;12.532
Total Nacional;14 Murcia, Región de;Aguas subterráneas;2003;16.974
Total Nacional;14 Murcia, Región de;Aguas subterráneas;2002;13.602
Total Nacional;14 Murcia, Región de;Aguas subterráneas;2001;20.240
Total Nacional;14 Murcia, Región de;Aguas subterráneas;2000;13.286
Total Nacional;14 Murcia, Región de;Desalación;2022;5.365
Total Nacional;14 Murcia, Región de;Desalación;2020;0
Total Nacional;14 Murcia, Región de;Desalación;2018;0
Total Nacional;14 Murcia, Región de;Desalación;2016;0
Total Nacional;14 Murcia, Región de;Desalación;2014;0
Total Nacional;14 Murcia, Región de;Desalación;2013;0
Total Nacional;14 Murcia, Región de;Desalación;2012;0
Total Nacional;14 Murcia, Región de;Desalación;2011;0
Total Nacional;14 Murcia, Región de;Desalación;2010;0
Total Nacional;14 Murcia, Región de;Desalación;2009;0
Total Nacional;14 Murcia, Región de;Desalación;2008;0
Total Nacional;14 Murcia, Región de;Desalación;2007;0
Total Nacional;14 Murcia, Región de;Desalación;2006;0
Total Nacional;14 Murcia, Región de;Desalación;2005;0
Total Nacional;14 Murcia, Región de;Desalación;2004;718
Total Nacional;14 Murcia, Región de;Desalación;2003;728
Total Nacional;14 Murcia, Región de;Desalación;2002;469
Total Nacional;14 Murcia, Región de;Desalación;2001;749
Total Nacional;14 Murcia, Región de;Desalación;2000;0
Total Nacional;15 Navarra, Comunidad Foral de;Total;2022;85.727
Total Nacional;15 Navarra, Comunidad Foral de;Total;2020;64.852
Total Nacional;15 Navarra, Comunidad Foral de;Total;2018;65.045
Total Nacional;15 Navarra, Comunidad Foral de;Total;2016;120.297
Total Nacional;15 Navarra, Comunidad Foral de;Total;2014;53.020
Total Nacional;15 Navarra, Comunidad Foral de;Total;2013;55.524
Total Nacional;15 Navarra, Comunidad Foral de;Total;2012;63.103
Total Nacional;15 Navarra, Comunidad Foral de;Total;2011;76.606
Total Nacional;15 Navarra, Comunidad Foral de;Total;2010;53.376
Total Nacional;15 Navarra, Comunidad Foral de;Total;2009;48.540
Total Nacional;15 Navarra, Comunidad Foral de;Total;2008;68.008
Total Nacional;15 Navarra, Comunidad Foral de;Total;2007;61.458
Total Nacional;15 Navarra, Comunidad Foral de;Total;2006;69.459
Total Nacional;15 Navarra, Comunidad Foral de;Total;2005;73.010
Total Nacional;15 Navarra, Comunidad Foral de;Total;2004;58.992
Total Nacional;15 Navarra, Comunidad Foral de;Total;2003;76.528
Total Nacional;15 Navarra, Comunidad Foral de;Total;2002;70.206
Total Nacional;15 Navarra, Comunidad Foral de;Total;2001;68.029
Total Nacional;15 Navarra, Comunidad Foral de;Total;2000;67.527
Total Nacional;15 Navarra, Comunidad Foral de;Aguas superficiales;2022;38.669
Total Nacional;15 Navarra, Comunidad Foral de;Aguas superficiales;2020;46.386
Total Nacional;15 Navarra, Comunidad Foral de;Aguas superficiales;2018;27.466
Total Nacional;15 Navarra, Comunidad Foral de;Aguas superficiales;2016;60.104
Total Nacional;15 Navarra, Comunidad Foral de;Aguas superficiales;2014;17.313
Total Nacional;15 Navarra, Comunidad Foral de;Aguas superficiales;2013;19.528
Total Nacional;15 Navarra, Comunidad Foral de;Aguas superficiales;2012;20.810
Total Nacional;15 Navarra, Comunidad Foral de;Aguas superficiales;2011;26.706
Total Nacional;15 Navarra, Comunidad Foral de;Aguas superficiales;2010;17.954
Total Nacional;15 Navarra, Comunidad Foral de;Aguas superficiales;2009;25.085
Total Nacional;15 Navarra, Comunidad Foral de;Aguas superficiales;2008;32.225
Total Nacional;15 Navarra, Comunidad Foral de;Aguas superficiales;2007;26.429
Total Nacional;15 Navarra, Comunidad Foral de;Aguas superficiales;2006;26.547
Total Nacional;15 Navarra, Comunidad Foral de;Aguas superficiales;2005;33.523
Total Nacional;15 Navarra, Comunidad Foral de;Aguas superficiales;2004;26.246
Total Nacional;15 Navarra, Comunidad Foral de;Aguas superficiales;2003;37.353
Total Nacional;15 Navarra, Comunidad Foral de;Aguas superficiales;2002;31.189
Total Nacional;15 Navarra, Comunidad Foral de;Aguas superficiales;2001;41.534
Total Nacional;15 Navarra, Comunidad Foral de;Aguas superficiales;2000;40.344
Total Nacional;15 Navarra, Comunidad Foral de;Aguas subterráneas;2022;47.058
Total Nacional;15 Navarra, Comunidad Foral de;Aguas subterráneas;2020;18.466
Total Nacional;15 Navarra, Comunidad Foral de;Aguas subterráneas;2018;37.579
Total Nacional;15 Navarra, Comunidad Foral de;Aguas subterráneas;2016;60.193
Total Nacional;15 Navarra, Comunidad Foral de;Aguas subterráneas;2014;35.707
Total Nacional;15 Navarra, Comunidad Foral de;Aguas subterráneas;2013;35.996
Total Nacional;15 Navarra, Comunidad Foral de;Aguas subterráneas;2012;42.293
Total Nacional;15 Navarra, Comunidad Foral de;Aguas subterráneas;2011;49.900
Total Nacional;15 Navarra, Comunidad Foral de;Aguas subterráneas;2010;35.422
Total Nacional;15 Navarra, Comunidad Foral de;Aguas subterráneas;2009;23.455
Total Nacional;15 Navarra, Comunidad Foral de;Aguas subterráneas;2008;35.783
Total Nacional;15 Navarra, Comunidad Foral de;Aguas subterráneas;2007;35.029
Total Nacional;15 Navarra, Comunidad Foral de;Aguas subterráneas;2006;42.912
Total Nacional;15 Navarra, Comunidad Foral de;Aguas subterráneas;2005;39.487
Total Nacional;15 Navarra, Comunidad Foral de;Aguas subterráneas;2004;32.746
Total Nacional;15 Navarra, Comunidad Foral de;Aguas subterráneas;2003;39.175
Total Nacional;15 Navarra, Comunidad Foral de;Aguas subterráneas;2002;39.017
Total Nacional;15 Navarra, Comunidad Foral de;Aguas subterráneas;2001;26.495
Total Nacional;15 Navarra, Comunidad Foral de;Aguas subterráneas;2000;27.183
Total Nacional;15 Navarra, Comunidad Foral de;Desalación;2022;0
Total Nacional;15 Navarra, Comunidad Foral de;Desalación;2020;0
Total Nacional;15 Navarra, Comunidad Foral de;Desalación;2018;0
Total Nacional;15 Navarra, Comunidad Foral de;Desalación;2016;0
Total Nacional;15 Navarra, Comunidad Foral de;Desalación;2014;0
Total Nacional;15 Navarra, Comunidad Foral de;Desalación;2013;0
Total Nacional;15 Navarra, Comunidad Foral de;Desalación;2012;0
Total Nacional;15 Navarra, Comunidad Foral de;Desalación;2011;0
Total Nacional;15 Navarra, Comunidad Foral de;Desalación;2010;0
Total Nacional;15 Navarra, Comunidad Foral de;Desalación;2009;0
Total Nacional;15 Navarra, Comunidad Foral de;Desalación;2008;0
Total Nacional;15 Navarra, Comunidad Foral de;Desalación;2007;0
Total Nacional;15 Navarra, Comunidad Foral de;Desalación;2006;0
Total Nacional;15 Navarra, Comunidad Foral de;Desalación;2005;0
Total Nacional;15 Navarra, Comunidad Foral de;Desalación;2004;0
Total Nacional;15 Navarra, Comunidad Foral de;Desalación;2003;0
Total Nacional;15 Navarra, Comunidad Foral de;Desalación;2002;0
Total Nacional;15 Navarra, Comunidad Foral de;Desalación;2001;0
Total Nacional;15 Navarra, Comunidad Foral de;Desalación;2000;0
Total Nacional;16 País Vasco;Total;2022;275.424
Total Nacional;16 País Vasco;Total;2020;177.383
Total Nacional;16 País Vasco;Total;2018;182.046
Total Nacional;16 País Vasco;Total;2016;137.745
Total Nacional;16 País Vasco;Total;2014;210.173
Total Nacional;16 País Vasco;Total;2013;221.247
Total Nacional;16 País Vasco;Total;2012;172.632
Total Nacional;16 País Vasco;Total;2011;165.198
Total Nacional;16 País Vasco;Total;2010;187.157
Total Nacional;16 País Vasco;Total;2009;194.880
Total Nacional;16 País Vasco;Total;2008;223.644
Total Nacional;16 País Vasco;Total;2007;206.858
Total Nacional;16 País Vasco;Total;2006;218.272
Total Nacional;16 País Vasco;Total;2005;253.835
Total Nacional;16 País Vasco;Total;2004;285.251
Total Nacional;16 País Vasco;Total;2003;318.494
Total Nacional;16 País Vasco;Total;2002;310.034
Total Nacional;16 País Vasco;Total;2001;329.469
Total Nacional;16 País Vasco;Total;2000;244.038
Total Nacional;16 País Vasco;Aguas superficiales;2022;273.007
Total Nacional;16 País Vasco;Aguas superficiales;2020;166.548
Total Nacional;16 País Vasco;Aguas superficiales;2018;179.154
Total Nacional;16 País Vasco;Aguas superficiales;2016;133.460
Total Nacional;16 País Vasco;Aguas superficiales;2014;206.298
Total Nacional;16 País Vasco;Aguas superficiales;2013;205.079
Total Nacional;16 País Vasco;Aguas superficiales;2012;162.087
Total Nacional;16 País Vasco;Aguas superficiales;2011;154.274
Total Nacional;16 País Vasco;Aguas superficiales;2010;179.838
Total Nacional;16 País Vasco;Aguas superficiales;2009;188.281
Total Nacional;16 País Vasco;Aguas superficiales;2008;217.568
Total Nacional;16 País Vasco;Aguas superficiales;2007;200.943
Total Nacional;16 País Vasco;Aguas superficiales;2006;212.703
Total Nacional;16 País Vasco;Aguas superficiales;2005;233.518
Total Nacional;16 País Vasco;Aguas superficiales;2004;278.541
Total Nacional;16 País Vasco;Aguas superficiales;2003;282.200
Total Nacional;16 País Vasco;Aguas superficiales;2002;255.579
Total Nacional;16 País Vasco;Aguas superficiales;2001;260.715
Total Nacional;16 País Vasco;Aguas superficiales;2000;242.879
Total Nacional;16 País Vasco;Aguas subterráneas;2022;2.417
Total Nacional;16 País Vasco;Aguas subterráneas;2020;10.835
Total Nacional;16 País Vasco;Aguas subterráneas;2018;2.892
Total Nacional;16 País Vasco;Aguas subterráneas;2016;4.285
Total Nacional;16 País Vasco;Aguas subterráneas;2014;3.875
Total Nacional;16 País Vasco;Aguas subterráneas;2013;16.168
Total Nacional;16 País Vasco;Aguas subterráneas;2012;10.545
Total Nacional;16 País Vasco;Aguas subterráneas;2011;10.924
Total Nacional;16 País Vasco;Aguas subterráneas;2010;7.319
Total Nacional;16 País Vasco;Aguas subterráneas;2009;6.599
Total Nacional;16 País Vasco;Aguas subterráneas;2008;6.076
Total Nacional;16 País Vasco;Aguas subterráneas;2007;5.915
Total Nacional;16 País Vasco;Aguas subterráneas;2006;5.569
Total Nacional;16 País Vasco;Aguas subterráneas;2005;20.317
Total Nacional;16 País Vasco;Aguas subterráneas;2004;6.710
Total Nacional;16 País Vasco;Aguas subterráneas;2003;17.963
Total Nacional;16 País Vasco;Aguas subterráneas;2002;26.574
Total Nacional;16 País Vasco;Aguas subterráneas;2001;33.083
Total Nacional;16 País Vasco;Aguas subterráneas;2000;1.159
Total Nacional;16 País Vasco;Desalación;2022;0
Total Nacional;16 País Vasco;Desalación;2020;0
Total Nacional;16 País Vasco;Desalación;2018;0
Total Nacional;16 País Vasco;Desalación;2016;0
Total Nacional;16 País Vasco;Desalación;2014;0
Total Nacional;16 País Vasco;Desalación;2013;0
Total Nacional;16 País Vasco;Desalación;2012;0
Total Nacional;16 País Vasco;Desalación;2011;0
Total Nacional;16 País Vasco;Desalación;2010;0
Total Nacional;16 País Vasco;Desalación;2009;0
Total Nacional;16 País Vasco;Desalación;2008;0
Total Nacional;16 País Vasco;Desalación;2007;0
Total Nacional;16 País Vasco;Desalación;2006;0
Total Nacional;16 País Vasco;Desalación;2005;0
Total Nacional;16 País Vasco;Desalación;2004;0
Total Nacional;16 País Vasco;Desalación;2003;18.331
Total Nacional;16 País Vasco;Desalación;2002;27.881
Total Nacional;16 País Vasco;Desalación;2001;35.671
Total Nacional;16 País Vasco;Desalación;2000;0
Total Nacional;17 Rioja, La;Total;2022;26.446
Total Nacional;17 Rioja, La;Total;2020;41.194
Total Nacional;17 Rioja, La;Total;2018;47.524
Total Nacional;17 Rioja, La;Total;2016;41.672
Total Nacional;17 Rioja, La;Total;2014;43.427
Total Nacional;17 Rioja, La;Total;2013;57.909
Total Nacional;17 Rioja, La;Total;2012;48.748
Total Nacional;17 Rioja, La;Total;2011;49.252
Total Nacional;17 Rioja, La;Total;2010;49.425
Total Nacional;17 Rioja, La;Total;2009;53.475
Total Nacional;17 Rioja, La;Total;2008;62.857
Total Nacional;17 Rioja, La;Total;2007;36.557
Total Nacional;17 Rioja, La;Total;2006;40.379
Total Nacional;17 Rioja, La;Total;2005;46.457
Total Nacional;17 Rioja, La;Total;2004;40.700
Total Nacional;17 Rioja, La;Total;2003;43.887
Total Nacional;17 Rioja, La;Total;2002;50.511
Total Nacional;17 Rioja, La;Total;2001;44.854
Total Nacional;17 Rioja, La;Total;2000;46.820
Total Nacional;17 Rioja, La;Aguas superficiales;2022;18.128
Total Nacional;17 Rioja, La;Aguas superficiales;2020;33.725
Total Nacional;17 Rioja, La;Aguas superficiales;2018;26.724
Total Nacional;17 Rioja, La;Aguas superficiales;2016;21.203
Total Nacional;17 Rioja, La;Aguas superficiales;2014;26.096
Total Nacional;17 Rioja, La;Aguas superficiales;2013;32.389
Total Nacional;17 Rioja, La;Aguas superficiales;2012;24.455
Total Nacional;17 Rioja, La;Aguas superficiales;2011;30.988
Total Nacional;17 Rioja, La;Aguas superficiales;2010;44.207
Total Nacional;17 Rioja, La;Aguas superficiales;2009;46.339
Total Nacional;17 Rioja, La;Aguas superficiales;2008;56.557
Total Nacional;17 Rioja, La;Aguas superficiales;2007;25.768
Total Nacional;17 Rioja, La;Aguas superficiales;2006;25.666
Total Nacional;17 Rioja, La;Aguas superficiales;2005;26.823
Total Nacional;17 Rioja, La;Aguas superficiales;2004;37.957
Total Nacional;17 Rioja, La;Aguas superficiales;2003;41.431
Total Nacional;17 Rioja, La;Aguas superficiales;2002;48.944
Total Nacional;17 Rioja, La;Aguas superficiales;2001;44.647
Total Nacional;17 Rioja, La;Aguas superficiales;2000;46.709
Total Nacional;17 Rioja, La;Aguas subterráneas;2022;8.318
Total Nacional;17 Rioja, La;Aguas subterráneas;2020;7.469
Total Nacional;17 Rioja, La;Aguas subterráneas;2018;20.800
Total Nacional;17 Rioja, La;Aguas subterráneas;2016;20.469
Total Nacional;17 Rioja, La;Aguas subterráneas;2014;17.331
Total Nacional;17 Rioja, La;Aguas subterráneas;2013;25.520
Total Nacional;17 Rioja, La;Aguas subterráneas;2012;24.293
Total Nacional;17 Rioja, La;Aguas subterráneas;2011;18.264
Total Nacional;17 Rioja, La;Aguas subterráneas;2010;5.218
Total Nacional;17 Rioja, La;Aguas subterráneas;2009;7.136
Total Nacional;17 Rioja, La;Aguas subterráneas;2008;6.300
Total Nacional;17 Rioja, La;Aguas subterráneas;2007;10.789
Total Nacional;17 Rioja, La;Aguas subterráneas;2006;14.713
Total Nacional;17 Rioja, La;Aguas subterráneas;2005;19.634
Total Nacional;17 Rioja, La;Aguas subterráneas;2004;2.743
Total Nacional;17 Rioja, La;Aguas subterráneas;2003;2.456
Total Nacional;17 Rioja, La;Aguas subterráneas;2002;1.567
Total Nacional;17 Rioja, La;Aguas subterráneas;2001;207
Total Nacional;17 Rioja, La;Aguas subterráneas;2000;111
Total Nacional;17 Rioja, La;Desalación;2022;0
Total Nacional;17 Rioja, La;Desalación;2020;0
Total Nacional;17 Rioja, La;Desalación;2018;0
Total Nacional;17 Rioja, La;Desalación;2016;0
Total Nacional;17 Rioja, La;Desalación;2014;0
Total Nacional;17 Rioja, La;Desalación;2013;0
Total Nacional;17 Rioja, La;Desalación;2012;0
Total Nacional;17 Rioja, La;Desalación;2011;0
Total Nacional;17 Rioja, La;Desalación;2010;0
Total Nacional;17 Rioja, La;Desalación;2009;0
Total Nacional;17 Rioja, La;Desalación;2008;0
Total Nacional;17 Rioja, La;Desalación;2007;0
Total Nacional;17 Rioja, La;Desalación;2006;0
Total Nacional;17 Rioja, La;Desalación;2005;0
Total Nacional;17 Rioja, La;Desalación;2004;0
Total Nacional;17 Rioja, La;Desalación;2003;0
Total Nacional;17 Rioja, La;Desalación;2002;0
Total Nacional;17 Rioja, La;Desalación;2001;0
Total Nacional;17 Rioja, La;Desalación;2000;0
Ceuta y Melilla;;Total;2022;21.163
Ceuta y Melilla;;Total;2020;16.442
Ceuta y Melilla;;Total;2018;14.009
Ceuta y Melilla;;Total;2016;20.673
Ceuta y Melilla;;Total;2014;5.870
Ceuta y Melilla;;Total;2013;5.748
Ceuta y Melilla;;Total;2012;7.203
Ceuta y Melilla;;Total;2011;3.374
Ceuta y Melilla;;Total;2010;14.194
Ceuta y Melilla;;Total;2009;14.425
Ceuta y Melilla;;Total;2008;16.547
Ceuta y Melilla;;Total;2007;19.807
Ceuta y Melilla;;Total;2006;20.077
Ceuta y Melilla;;Total;2005;12.106
Ceuta y Melilla;;Total;2004;18.530
Ceuta y Melilla;;Total;2003;20.947
Ceuta y Melilla;;Total;2002;16.973
Ceuta y Melilla;;Total;2001;17.932
Ceuta y Melilla;;Total;2000;17.823
Ceuta y Melilla;;Aguas superficiales;2022;423
Ceuta y Melilla;;Aguas superficiales;2020;9.372
Ceuta y Melilla;;Aguas superficiales;2018;6.340
Ceuta y Melilla;;Aguas superficiales;2016;5.880
Ceuta y Melilla;;Aguas superficiales;2014;372
Ceuta y Melilla;;Aguas superficiales;2013;169
Ceuta y Melilla;;Aguas superficiales;2012;169
Ceuta y Melilla;;Aguas superficiales;2011;295
Ceuta y Melilla;;Aguas superficiales;2010;1.772
Ceuta y Melilla;;Aguas superficiales;2009;2.320
Ceuta y Melilla;;Aguas superficiales;2008;2.509
Ceuta y Melilla;;Aguas superficiales;2007;1.182
Ceuta y Melilla;;Aguas superficiales;2006;1.321
Ceuta y Melilla;;Aguas superficiales;2005;990
Ceuta y Melilla;;Aguas superficiales;2004;732
Ceuta y Melilla;;Aguas superficiales;2003;2.965
Ceuta y Melilla;;Aguas superficiales;2002;1.543
Ceuta y Melilla;;Aguas superficiales;2001;2.951
Ceuta y Melilla;;Aguas superficiales;2000;1.122
Ceuta y Melilla;;Aguas subterráneas;2022;7.212
Ceuta y Melilla;;Aguas subterráneas;2020;0
Ceuta y Melilla;;Aguas subterráneas;2018;973
Ceuta y Melilla;;Aguas subterráneas;2016;973
Ceuta y Melilla;;Aguas subterráneas;2014;5.498
Ceuta y Melilla;;Aguas subterráneas;2013;5.579
Ceuta y Melilla;;Aguas subterráneas;2012;7.034
Ceuta y Melilla;;Aguas subterráneas;2011;3.079
Ceuta y Melilla;;Aguas subterráneas;2010;5.485
Ceuta y Melilla;;Aguas subterráneas;2009;4.923
Ceuta y Melilla;;Aguas subterráneas;2008;6.078
Ceuta y Melilla;;Aguas subterráneas;2007;10.655
Ceuta y Melilla;;Aguas subterráneas;2006;10.748
Ceuta y Melilla;;Aguas subterráneas;2005;11.116
Ceuta y Melilla;;Aguas subterráneas;2004;10.099
Ceuta y Melilla;;Aguas subterráneas;2003;12.326
Ceuta y Melilla;;Aguas subterráneas;2002;10.980
Ceuta y Melilla;;Aguas subterráneas;2001;9.934
Ceuta y Melilla;;Aguas subterráneas;2000;11.549
Ceuta y Melilla;;Desalación;2022;13.529
Ceuta y Melilla;;Desalación;2020;7.070
Ceuta y Melilla;;Desalación;2018;6.696
Ceuta y Melilla;;Desalación;2016;13.820
Ceuta y Melilla;;Desalación;2014;0
Ceuta y Melilla;;Desalación;2013;0
Ceuta y Melilla;;Desalación;2012;0
Ceuta y Melilla;;Desalación;2011;0
Ceuta y Melilla;;Desalación;2010;6.937
Ceuta y Melilla;;Desalación;2009;7.182
Ceuta y Melilla;;Desalación;2008;7.960
Ceuta y Melilla;;Desalación;2007;7.970
Ceuta y Melilla;;Desalación;2006;8.008
Ceuta y Melilla;;Desalación;2005;0
Ceuta y Melilla;;Desalación;2004;7.699
Ceuta y Melilla;;Desalación;2003;5.656
Ceuta y Melilla;;Desalación;2002;4.450
Ceuta y Melilla;;Desalación;2001;5.047
Ceuta y Melilla;;Desalación;2000;5.152
